"timestamp","ip","campaignid","placementid","siteid","adunittype","creativeid","jvxsessionid","jvxuid","eventid","deviceid","ap_datasignal","c_params","cachemacro","clickmacro","pageurl","useragent","es_segname","date","_col19"
"1561067999189","153.221.8.171","135306","2T5XMQ","65d07bae4690f5","20","190613_AW_3x4_004_Function_001_CTA_AAW_Performance Marketing_Workout_300-250_rev0_still_JP-JA_21JUNE_LM","1561067997.7824","153.221.8.171","60","","ap_cookieData_type=inv&ap_cookieData_id=","","1561067996527980","https://googleads.g.doubleclick.net/dbm/clk?sa=L&ai=C6rOS3AEMXeycIMrk2gTzo5mYB5yD_o1X1JT6nJYJ8C4QASDRjochYImDyIT4E8gBCakCHUb8aQ7","https://googleads.g.doubleclick.net/pagead/ads?caps=interactiveVideo_inlineVideo_mraid1_mraid2_mraid3_th_autoplay_mediation_av_s","Mozilla/5.0 (iPhone; CPU iPhone OS 12_3_1 like Mac OS X) AppleWebKit/605.1.15 (KHTML_ like Gecko) Mobile/15E148","_Default_","2019-06-20","2019-06-20 21:59:59.000"
"1561035597102","60.33.233.61","135306","ywF8ZA","65d07bae4690f5","20","190613_AW_3x4_004_Function_001_CTA_AAW_Performance Marketing_Apple pay_300-250_rev0_still_JP-JA_21JUNE_TN","1561035596.4465","60.33.233.61","60","","ap_cookieData_type=inv&ap_cookieData_id=","","1561035595775991","https://googleads.g.doubleclick.net/dbm/clk?sa=L&ai=C-VUhS4MLXbeuL4zX-QOplp7wD6X92I5Xx9_F0LgJ8C4QASDRjochYInL4YTsFMgBCakC05GPZNT","https://googleads.g.doubleclick.net/pagead/ads?caps=interactiveVideo_inlineVideo_mraid1_mraid2_mraid3_th_autoplay_mediation_av_s","Mozilla/5.0 (iPhone; CPU iPhone OS 12_2 like Mac OS X) AppleWebKit/605.1.15 (KHTML_ like Gecko) Mobile/15E148","_Default_","2019-06-20","2019-06-20 12:59:57.000"
"1561035597102","211.133.212.242","135306","2qV3Xj","65d07bae4690f5","20","190613_AW_3x4_004_Function_001_CTA_AAW_Performance Marketing_Activity Coarching_300-250_rev0_still_JP-JA_21JUNE_TN","1561035597.1476","211.133.212.242","60","","ap_cookieData_type=inv&ap_cookieData_id=","","1561035596750828","https://googleads.g.doubleclick.net/dbm/clk?sa=L&ai=CjYUjTIMLXezpLZfp_AOz3qC4DOfE2I5X-bCfwcoJ8C4QASDRjochYInTzYSYFMgBCakCy3yNyjj","https://googleads.g.doubleclick.net/pagead/ads?caps=interactiveVideo_inlineVideo_mraid1_mraid2_mraid3_th_autoplay_mediation_av_s","Mozilla/5.0 (iPhone; CPU iPhone OS 12_3_1 like Mac OS X) AppleWebKit/605.1.15 (KHTML_ like Gecko) Mobile/15E148","_Default_","2019-06-20","2019-06-20 12:59:57.000"
"1561035598102","221.242.152.225","135306","djF6CY","65d07bae4690f5","20","190613_AW_3x4_004_Function_001_CTA_AAW_Performance Marketing_Breathe_300-250_rev0_still_JP-JA_21JUNE_TN","1561035597.8424","221.242.152.225","60","","ap_cookieData_type=inv&ap_cookieData_id=","","1561035597401335","https://google-bidout-jp-d.openx.net/ma/1.0/rc?ts=2DAABBgABAAECAAIBAAsAAgAAAZQcGApUVjhmSGFhaURWHBbFxp3o28enwL0BFpuhqM3JnteNngEAH","https://pubads.g.doubleclick.net/gampad/ads?caps=interactiveVideo_inlineVideo_mraid1_mraid2_mraid3_th_autoplay_mediation_av_sdkA","Mozilla/5.0 (iPhone; CPU iPhone OS 12_1_2 like Mac OS X) AppleWebKit/605.1.15 (KHTML_ like Gecko) Mobile/16C101","_Default_","2019-06-20","2019-06-20 12:59:58.000"
"1561035598102","60.155.25.236","135306","9NpYGb","65d07bae4690f5","20","190613_AW_3x4_003_Generic_001_CTA_AAW_Performance Marketing_Generic1_300-250_rev0_still_JP-JA_21JUNE_LM","1561035595.2262","60.155.25.236","60","","ap_cookieData_type=inv&ap_cookieData_id=","","1561035594507272","https://googleads.g.doubleclick.net/dbm/clk?sa=L&ai=CYzjgSoMLXYj7HovY-QOKn6DIDOHS2o5X_q7r0qIJ8C4QASDRjochYImDuYTIE8gBCakCy3yNyjj","https://googleads.g.doubleclick.net/pagead/ads?caps=interactiveVideo_inlineVideo_mraid1_mraid2_mraid3_th_autoplay_mediation_av_s","Mozilla/5.0 (iPhone; CPU iPhone OS 12_3_1 like Mac OS X) AppleWebKit/605.1.15 (KHTML_ like Gecko) Mobile/15E148","_Default_","2019-06-20","2019-06-20 12:59:58.000"
"1561035598102","113.158.230.151","135306","lmL120","65d07bae4690f5","20","190613_AW_3x4_004_Function_001_CTA_AAW_Performance Marketing_Workout_300-250_rev0_still_JP-JA_21JUNE_TN","1561035597.2870","113.158.230.151","60","","ap_cookieData_type=inv&ap_cookieData_id=","","1561035596385977","https://googleads.g.doubleclick.net/dbm/clk?sa=L&ai=CCjpZTIMLXbnHF8aFtOUPh7mcKJyD_o1Xob2Y6L0J8C4QASDRjochYImDgICUFMgBCakC05GPZNT","https://googleads.g.doubleclick.net/pagead/ads?caps=interactiveVideo_inlineVideo_mraid1_mraid2_mraid3_th_autoplay_mediation_av_s","Mozilla/5.0 (iPhone; CPU iPhone OS 12_3_1 like Mac OS X) AppleWebKit/605.1.15 (KHTML_ like Gecko) Mobile/15E148","_Default_","2019-06-20","2019-06-20 12:59:58.000"
"1561035598102","126.92.25.184","135306","PST4dB","65d07bae4690f5","20","190613_AW_3x4_004_Function_001_CTA_AAW_Performance Marketing_Cellular_300-250_rev0_still_JP-JA_21JUNE_TN","1561035597.7325","126.92.25.184","60","","ap_cookieData_type=inv&ap_cookieData_id=","","1561035597174420","https://googleads.g.doubleclick.net/dbm/clk?sa=L&ai=C6kfvTYMLXdTSCpSvtOUPzuyXgA3elvyNV6ux8uO_CfAuEAEg0Y6HIWCJs9qExBTIAQmpAst8jco","https://googleads.g.doubleclick.net/pagead/ads?caps=interactiveVideo_inlineVideo_mraid1_mraid2_mraid3_th_autoplay_mediation_av_s","Mozilla/5.0 (iPhone; CPU iPhone OS 12_3 like Mac OS X) AppleWebKit/605.1.15 (KHTML_ like Gecko) Mobile/15E148","_Default_","2019-06-20","2019-06-20 12:59:58.000"
"1561035598102","61.89.211.126","135306","t10yXx","65d07bae4690f5","20","190613_AW_3x4_004_Function_001_CTA_AAW_Performance Marketing_Move_300-250_rev0_still_JP-JA_21JUNE_TN","1561035598.8562","61.89.211.126","60","","ap_cookieData_type=inv&ap_cookieData_id=","","1561035597863467","https://google-bidout-jp-d.openx.net/ma/1.0/rc?ts=2DAABBgABAAECAAIBAAsAAgAAAZUcGAo4WkxjZkVTTUNnHBa8lLLPvNe6iewBFo_J7aaDgqKY7wEAH","https://pubads.g.doubleclick.net/gampad/ads?caps=interactiveVideo_inlineVideo_mraid1_mraid2_mraid3_th_autoplay_mediation_av_sdkA","Mozilla/5.0 (iPhone; CPU iPhone OS 12_3_1 like Mac OS X) AppleWebKit/605.1.15 (KHTML_ like Gecko) Mobile/15E148","_Default_","2019-06-20","2019-06-20 12:59:58.000"
"1561035598102","14.8.148.192","135306","ca1n6Y","65d07bae4690f5","20","190613_AW_3x4_004_Function_001_CTA_AAW_Performance Marketing_Activity Rings_300-250_rev0_still_JP-JA_21JUNE_TN","1561035598.8279","14.8.148.192","60","","ap_cookieData_type=inv&ap_cookieData_id=","","1561035597576799","https://googleads.g.doubleclick.net/dbm/clk?sa=L&ai=CsZMDTYMLXZ-aI7qvtOUP-set4AaG3dGNV7DN_c3pCfAuEAEg0Y6HIWCJ48iE_BPIAQmpAst8jco","https://googleads.g.doubleclick.net/pagead/ads?caps=interactiveVideo_inlineVideo_mraid1_mraid2_mraid3_th_autoplay_mediation_av_s","Mozilla/5.0 (iPhone; CPU iPhone OS 12_3_1 like Mac OS X) AppleWebKit/605.1.15 (KHTML_ like Gecko) Mobile/15E148","_Default_","2019-06-20","2019-06-20 12:59:58.000"
"1561035598102","121.118.7.85","135306","ca1n6Y","65d07bae4690f5","20","190613_AW_3x4_004_Function_001_CTA_AAW_Performance Marketing_Activity Rings_300-250_rev0_still_JP-JA_21JUNE_TN","1561035597.8082","121.118.7.85","60","","ap_cookieData_type=inv&ap_cookieData_id=","","1561035597010759","https://googleads.g.doubleclick.net/dbm/clk?sa=L&ai=C-nxMTYMLXYdUgrG05Q_R5by4Cobd0Y1XsM39zekJ8C4QASDRjochYImr1ISsFMgBCakCy3yNyjj","https://googleads.g.doubleclick.net/pagead/ads?caps=interactiveVideo_inlineVideo_mraid1_mraid2_mraid3_th_autoplay_mediation_av_s","Mozilla/5.0 (iPhone; CPU iPhone OS 12_1_4 like Mac OS X) AppleWebKit/605.1.15 (KHTML_ like Gecko) Mobile/16D57","_Default_","2019-06-20","2019-06-20 12:59:58.000"
"1561035598102","49.156.254.64","135306","5nL2s9","65d07bae4690f5","20","190613_AW_3x4_004_Function_001_CTA_AAW_Performance Marketing_Heart Rate_300-250_rev0_still_JP-JA_21JUNE_LM","1561035595.3024","49.156.254.64","60","","ap_cookieData_type=inv&ap_cookieData_id=","","1561035594728415","https://googleads.g.doubleclick.net/dbm/clk?sa=L&ai=CnvyrSoMLXd-6LJOK9AP1ipT4Duyp-41X_Jba2rUJ8C4QASDRjochYImz34TgFMgBCakCy3yNyjj","https://googleads.g.doubleclick.net/pagead/ads?caps=interactiveVideo_inlineVideo_mraid1_mraid2_mraid3_th_autoplay_mediation_av_s","Mozilla/5.0 (iPhone; CPU iPhone OS 12_3_1 like Mac OS X) AppleWebKit/605.1.15 (KHTML_ like Gecko) Mobile/15E148","_Default_","2019-06-20","2019-06-20 12:59:58.000"
"1561035598102","60.125.10.16","135306","BHR98n","65d07bae4690f5","20","190613_AW_3x4_004_Function_001_CTA_AAW_Performance Marketing_Message_300-250_rev0_still_JP-JA_21JUNE_LM","1561035596.5456","60.125.10.16","60","","ap_cookieData_type=inv&ap_cookieData_id=","","1561035594574443","https://googleads.g.doubleclick.net/dbm/clk?sa=L&ai=CeKmnSoMLXeuHI9yEtOUPxfyaqA2j9tONV72Vl-emCfAuEAEg0Y6HIWCJ04mO7BPIAQmpAst8jco","https://googleads.g.doubleclick.net/pagead/ads?caps=interactiveVideo_inlineVideo_mraid1_mraid2_mraid3_th_autoplay_mediation_av_s","Mozilla/5.0 (iPhone; CPU iPhone OS 12_3_1 like Mac OS X) AppleWebKit/605.1.15 (KHTML_ like Gecko) Mobile/15E148","_Default_","2019-06-20","2019-06-20 12:59:58.000"
"1561035598102","49.97.101.220","135306","2T5XMQ","65d07bae4690f5","20","190613_AW_3x4_004_Function_001_CTA_AAW_Performance Marketing_Workout_300-250_rev0_still_JP-JA_21JUNE_LM","1561035596.7535","49.97.101.220","60","","ap_cookieData_type=inv&ap_cookieData_id=","","1561035595196723","https://googleads.g.doubleclick.net/dbm/clk?sa=L&ai=Ck-2sS4MLXfOADNCvtOUP-vKO-Aycg_6NV9SU-pyWCfAuEAEg0Y6HIWCJs4uO9BPIAQmpAst8jco","https://googleads.g.doubleclick.net/pagead/ads?caps=interactiveVideo_inlineVideo_mraid1_mraid2_mraid3_th_autoplay_mediation_av_s","Mozilla/5.0 (iPhone; CPU iPhone OS 11_4_1 like Mac OS X) AppleWebKit/605.1.15 (KHTML_ like Gecko) Mobile/15G77","_Default_","2019-06-20","2019-06-20 12:59:58.000"
"1561035598102","203.222.216.9","135306","28A3w6","65d07bae4690f5","20","190613_AW_3x4_003_Generic_001_CTA_AAW_Performance Marketing_Generic2_300-250_rev0_still_JP-JA_21JUNE_LM","1561035597.7096","203.222.216.9","60","","ap_cookieData_type=inv&ap_cookieData_id=","","1561035597147837","https://googleads.g.doubleclick.net/dbm/clk?sa=L&ai=Czf28TYMLXf2CCZiFtOUPgdKFyAPdgf2NV-eKjrqCCvAuEAEgxaW-I2CJg4CA6BTIAQmpAst8jco","https://googleads.g.doubleclick.net/mads/gma?os_version=12.3.1&u_sso=p&ios_base_sdk=12.1&request_id=3117&platform=iPhone&app_nam","Mozilla/5.0 (iPhone; CPU iPhone OS 12_3_1 like Mac OS X) AppleWebKit/605.1.15 (KHTML_ like Gecko) Mobile/15E148","_Default_","2019-06-20","2019-06-20 12:59:58.000"
"1561035598102","126.241.248.128","135306","nwDcbX","65d07bae4690f5","20","190613_AW_3x4_004_Function_001_CTA_AAW_Performance Marketing_Apple pay Suica_300-250_rev0_still_JP-JA_21JUNE_LM","1561035598.1101","126.241.248.128","60","","ap_cookieData_type=inv&ap_cookieData_id=","","1561035597501688","https://googleads.g.doubleclick.net/dbm/clk?sa=L&ai=CgLzgTYMLXbjPHsXWkwOYo7i4DZ-d2I5XisaZy9sJ8C4QASDRjochYInD4ITkFMgBCakCy3yNyjj","https://googleads.g.doubleclick.net/pagead/ads?caps=interactiveVideo_inlineVideo_mraid1_mraid2_mraid3_th_autoplay_mediation_av_s","Mozilla/5.0 (iPhone; CPU iPhone OS 12_3_1 like Mac OS X) AppleWebKit/605.1.15 (KHTML_ like Gecko) Mobile/15E148","_Default_","2019-06-20","2019-06-20 12:59:58.000"
"1561035599102","121.118.7.85","135306","dUzGgf","65d07bae4690f5","20","190613_AW_3x4_003_Performance Marketing_Generic2_300-250_rev0_still_JP-JA_21JUNE_TN","1561035598.7327","121.118.7.85","60","","ap_cookieData_type=inv&ap_cookieData_id=","","1561035597852587","https://googleads.g.doubleclick.net/dbm/clk?sa=L&ai=CwYwVTYMLXeuENMaWtOUP9_mTkAzdgf2NV4zavZaJCfAuEAEg0Y6HIWCJq9SErBTIAQmpAtORj2T","https://googleads.g.doubleclick.net/pagead/ads?caps=interactiveVideo_inlineVideo_mraid1_mraid2_mraid3_th_autoplay_mediation_av_s","Mozilla/5.0 (iPhone; CPU iPhone OS 12_1_4 like Mac OS X) AppleWebKit/605.1.15 (KHTML_ like Gecko) Mobile/16D57","_Default_","2019-06-20","2019-06-20 12:59:59.000"
"1561035599102","49.98.50.29","135306","NsLZns","65d07bae4690f5","20","190613_AW_3x4_004_Function_001_CTA_AAW_Performance Marketing_Stand_300-250_rev0_still_JP-JA_21JUNE_TN","1561035598.4861","49.98.50.29","60","","ap_cookieData_type=inv&ap_cookieData_id=","","1561035597179551","https://googleads.g.doubleclick.net/dbm/clk?sa=L&ai=CBmhATYMLXd_6CoSm7wLPmbponez9jVeGxI6suwnwLhABINGOhyFgiYvbhMgUyAEJqQLLfI3KOPF","https://googleads.g.doubleclick.net/pagead/ads?caps=interactiveVideo_inlineVideo_mraid1_mraid2_mraid3_th_autoplay_mediation_av_s","Mozilla/5.0 (iPhone; CPU iPhone OS 12_3_1 like Mac OS X) AppleWebKit/605.1.15 (KHTML_ like Gecko) Mobile/15E148","_Default_","2019-06-20","2019-06-20 12:59:59.000"
"1561035599102","126.147.165.221","135306","7c1WS1","65d07bae4690f5","20","190613_AW_3x4_004_Function_001_CTA_AAW_Performance Marketing_Music_300-250_rev0_still_JP-JA_21JUNE_LM","1561035599.7221","126.147.165.221","60","","ap_cookieData_type=inv&ap_cookieData_id=","","1561035598735350","https://googleads.g.doubleclick.net/dbm/clk?sa=L&ai=Cq_qpToMLXfbwLPWKtOUPvpSqgAXOituOV5zayJaJCfAuEAEg0Y6HIWCJk7eExBPIAQmpAst8jco","https://googleads.g.doubleclick.net/pagead/ads?caps=interactiveVideo_inlineVideo_mraid1_mraid2_mraid3_th_autoplay_mediation_av_s","Mozilla/5.0 (iPhone; CPU iPhone OS 12_1_2 like Mac OS X) AppleWebKit/605.1.15 (KHTML_ like Gecko) Mobile/16C101","_Default_","2019-06-20","2019-06-20 12:59:59.000"
"1561035597334","14.192.102.142","135306","6f5BVS","65d07bae4690f5","22","AW_Performance Marketing_Breathe_336-280_rev0_still_JP-JA_21JUNE_TN","1561035592.9479","14.192.102.142","60","","ap_cookieData_type=inv&ap_cookieData_id=","","1561035582819220","https://googleads.g.doubleclick.net/dbm/clk?sa=L&ai=C7e0NPoMLXZSAMsaGtOUPsdub8AfpifyNV6bqk46jCfAuEAEgptSKH2CJ886EnBTIAQmpAst8jco","https://googleads.g.doubleclick.net/mads/gma?caps=interactiveVideo_inlineVideo_mraid1_mraid2_mraid3_th_autoplay_mediation_av_sdk","Mozilla/5.0 (iPhone; CPU iPhone OS 11_4_1 like Mac OS X) AppleWebKit/605.1.15 (KHTML_ like Gecko) Mobile/15G77","_Default_","2019-06-20","2019-06-20 12:59:57.000"
"1561035597334","182.20.51.177","135306","2T5XMQ","65d07bae4690f5","20","190613_AW_3x4_004_Function_001_CTA_AAW_Performance Marketing_Workout_300-250_rev0_still_JP-JA_21JUNE_LM","1561035597.5245","182.20.51.177","60","","ap_cookieData_type=inv&ap_cookieData_id=","","1561035596438669","https://googleads.g.doubleclick.net/dbm/clk?sa=L&ai=C87LVTIMLXY3jGpC_7wLry6LAB5yD_o1X1JT6nJYJ8C4QASDFpb4jYInjzYSYFMgBCakC05GPZNT","https://googleads.g.doubleclick.net/mads/gma?os_version=11.4.0&u_sso=p&ios_base_sdk=11.4&request_id=2036&platform=iPhone&app_nam","Mozilla/5.0 (iPhone; CPU iPhone OS 11_4 like Mac OS X) AppleWebKit/605.1.15 (KHTML_ like Gecko) Mobile/15F79","_Default_","2019-06-20","2019-06-20 12:59:57.000"
"1561035597334","220.152.16.52","135306","O4p0w6","65d07bae4690f5","20","190613_AW_3x4_004_Function_001_CTA_AAW_Performance Marketing_Activity Rings_300-250_rev0_still_JP-JA_21JUNE_LM","1561035597.4820","220.152.16.52","60","","ap_cookieData_type=inv&ap_cookieData_id=","","1561035596367216","https://googleads.g.doubleclick.net/dbm/clk?sa=L&ai=Cgqw3TIMLXfC0FqmC5LcP8MO3oAOG3dGNV9yvooC2CfAuEAEg0Y6HIWCJm8SE9BPIAQmpAtORj2T","https://googleads.g.doubleclick.net/pagead/ads?caps=interactiveVideo_inlineVideo_mraid1_mraid2_mraid3_th_autoplay_mediation_av_s","Mozilla/5.0 (iPhone; CPU iPhone OS 12_3_1 like Mac OS X) AppleWebKit/605.1.15 (KHTML_ like Gecko) Mobile/15E148","_Default_","2019-06-20","2019-06-20 12:59:57.000"
"1561035597334","120.74.7.191","135306","7wCcwD","65d07bae4690f5","20","190613_AW_3x4_004_Function_001_CTA_AAW_Performance Marketing_Breathe_300-250_rev0_still_JP-JA_21JUNE_LM","1561035595.4320","120.74.7.191","60","","ap_cookieData_type=inv&ap_cookieData_id=","","1561035593530673","https://googleads.g.doubleclick.net/dbm/clk?sa=L&ai=CXhvHSYMLXfGxIMLJkwO-0qSwCemJ_I1XypWc5MYJ8C4QASDRjochYImzx4T4E8gBCakCy3yNyjj","https://googleads.g.doubleclick.net/pagead/ads?caps=interactiveVideo_inlineVideo_mraid1_mraid2_mraid3_th_autoplay_mediation_av_s","Mozilla/5.0 (iPhone; CPU iPhone OS 12_3_1 like Mac OS X) AppleWebKit/605.1.15 (KHTML_ like Gecko) Mobile/15E148","_Default_","2019-06-20","2019-06-20 12:59:57.000"
"1561035597334","126.182.77.223","135306","z3213N","65d07bae4690f5","20","190613_AW_3x4_004_Function_001_CTA_AAW_Performance Marketing_Music_300-250_rev0_still_JP-JA_21JUNE_TN","1561035597.5346","rrcqJiT1PZQg","60","","ap_cookieData_type=inv&ap_cookieData_id=","","1561035596535637","https://googleads.g.doubleclick.net/dbm/clk?sa=L&ai=C-Hc8TIMLXdXYIMOckwP6iKSYAs6K245X_NjIlokJ8C4QASCN4KAlYInT4ITkFMgBCakC05GPZNT","https://googleads.g.doubleclick.net/pagead/ads?os_version=12.2.0&u_sso=p&ios_base_sdk=12.1&request_id=80&platform=iPhone&u_mwsso","Mozilla/5.0 (iPhone; CPU iPhone OS 12_2 like Mac OS X) AppleWebKit/605.1.15 (KHTML_ like Gecko) Mobile/15E148","_Default_","2019-06-20","2019-06-20 12:59:57.000"
"1561035597334","106.185.92.207","135306","Bq46c8","65d07bae4690f5","20","190613_AW_3x4_004_Function_001_CTA_AAW_Performance Marketing_Activity Coarching_300-250_rev0_still_JP-JA_21JUNE_LM","1561035595.3874","106.185.92.207","60","","ap_cookieData_type=inv&ap_cookieData_id=","","1561035594608863","https://googleads.g.doubleclick.net/dbm/clk?sa=L&ai=CwS-7SoMLXd-UJYqatOUP5rSJ2AnnxNiOV6uOifvECfAuEAEg0Y6HIWCJ08WE9BPIAQmpAtORj2T","https://googleads.g.doubleclick.net/pagead/ads?caps=interactiveVideo_inlineVideo_mraid1_mraid2_mraid3_th_autoplay_mediation_av_s","Mozilla/5.0 (iPhone; CPU iPhone OS 11_4_1 like Mac OS X) AppleWebKit/605.1.15 (KHTML_ like Gecko) Mobile/15G77","_Default_","2019-06-20","2019-06-20 12:59:57.000"
"1561035597334","203.165.139.90","135306","7wCcwD","65d07bae4690f5","20","190613_AW_3x4_004_Function_001_CTA_AAW_Performance Marketing_Breathe_300-250_rev0_still_JP-JA_21JUNE_LM","1561035595.4185","203.165.139.90","60","","ap_cookieData_type=inv&ap_cookieData_id=","","1561035594248794","https://googleads.g.doubleclick.net/dbm/clk?sa=L&ai=CTpyUSoMLXdqXD47drQTWrLKwDOmJ_I1XypWc5MYJ8C4QASCYyvZxYInDwoTwE8gBCakCy3yNyjj","https://pubads.g.doubleclick.net/gampad/ads?caps=interactiveVideo_inlineVideo_mraid1_mraid2_mraid3_th_autoplay_mediation_av_sdkA","Mozilla/5.0 (iPhone; CPU iPhone OS 12_1_4 like Mac OS X) AppleWebKit/605.1.15 (KHTML_ like Gecko) Mobile/16D57","_Default_","2019-06-20","2019-06-20 12:59:57.000"
"1561035597334","126.235.130.107","135306","7wCcwD","65d07bae4690f5","20","190613_AW_3x4_004_Function_001_CTA_AAW_Performance Marketing_Breathe_300-250_rev0_still_JP-JA_21JUNE_LM","1561035597.2951","126.235.130.107","60","","ap_cookieData_type=inv&ap_cookieData_id=","","1561035596830836","https://googleads.g.doubleclick.net/dbm/clk?sa=L&ai=ChXfCTIMLXfTaMpP8_APVqYagD-mJ_I1XypWc5MYJ8C4QASDRjochYImDgIDsE8gBCakCy3yNyjj","https://googleads.g.doubleclick.net/pagead/ads?caps=interactiveVideo_inlineVideo_mraid1_mraid2_mraid3_th_autoplay_mediation_av_s","Mozilla/5.0 (iPhone; CPU iPhone OS 12_3_1 like Mac OS X) AppleWebKit/605.1.15 (KHTML_ like Gecko) Mobile/15E148","_Default_","2019-06-20","2019-06-20 12:59:57.000"
"1561035598333","126.147.165.221","135306","djF6CY","65d07bae4690f5","20","190613_AW_3x4_004_Function_001_CTA_AAW_Performance Marketing_Breathe_300-250_rev0_still_JP-JA_21JUNE_TN","1561035596.1274","126.147.165.221","60","","ap_cookieData_type=inv&ap_cookieData_id=","","1561035595461586","https://googleads.g.doubleclick.net/dbm/clk?sa=L&ai=CiNolS4MLXZKWHNOFtOUP762vCOmJ_I1Xleal8sAJ8C4QASDRjochYImTt4TEE8gBCakCy3yNyjj","https://googleads.g.doubleclick.net/pagead/ads?caps=interactiveVideo_inlineVideo_mraid1_mraid2_mraid3_th_autoplay_mediation_av_s","Mozilla/5.0 (iPhone; CPU iPhone OS 12_1_2 like Mac OS X) AppleWebKit/605.1.15 (KHTML_ like Gecko) Mobile/16C101","_Default_","2019-06-20","2019-06-20 12:59:58.000"
"1561035598333","121.118.7.85","135306","9NpYGb","65d07bae4690f5","20","190613_AW_3x4_003_Generic_001_CTA_AAW_Performance Marketing_Generic1_300-250_rev0_still_JP-JA_21JUNE_LM","1561035597.9003","121.118.7.85","60","","ap_cookieData_type=inv&ap_cookieData_id=","","1561035597003903","https://googleads.g.doubleclick.net/dbm/clk?sa=L&ai=CM6k8TYMLXb8e6LC05Q_LjorgCOHS2o5X_q7r0qIJ8C4QASDRjochYImr1ISsFMgBCakCy3yNyjj","https://googleads.g.doubleclick.net/pagead/ads?caps=interactiveVideo_inlineVideo_mraid1_mraid2_mraid3_th_autoplay_mediation_av_s","Mozilla/5.0 (iPhone; CPU iPhone OS 12_1_4 like Mac OS X) AppleWebKit/605.1.15 (KHTML_ like Gecko) Mobile/16D57","_Default_","2019-06-20","2019-06-20 12:59:58.000"
"1561035598333","60.139.135.39","135306","t10yXx","65d07bae4690f5","20","190613_AW_3x4_004_Function_001_CTA_AAW_Performance Marketing_Move_300-250_rev0_still_JP-JA_21JUNE_TN","1561035598.3120","60.139.135.39","60","","ap_cookieData_type=inv&ap_cookieData_id=","","1561035597843534","https://googleads.g.doubleclick.net/dbm/clk?sa=L&ai=CFKKYTYMLXY6-M4qatOUP5rSJ2Am6odONV9zctJaJCfAuEAEg0Y6HIWCJs9-E4BTIAQmpAtORj2T","https://googleads.g.doubleclick.net/pagead/ads?caps=interactiveVideo_inlineVideo_mraid1_mraid2_mraid3_th_autoplay_mediation_av_s","Mozilla/5.0 (iPhone; CPU iPhone OS 12_3_1 like Mac OS X) AppleWebKit/605.1.15 (KHTML_ like Gecko) Mobile/15E148","_Default_","2019-06-20","2019-06-20 12:59:58.000"
"1561035598333","147.192.30.64","135306","2T5XMQ","65d07bae4690f5","20","190613_AW_3x4_004_Function_001_CTA_AAW_Performance Marketing_Workout_300-250_rev0_still_JP-JA_21JUNE_LM","1561035598.9623","147.192.30.64","60","","ap_cookieData_type=inv&ap_cookieData_id=","","1561035597777132","https://googleads.g.doubleclick.net/dbm/clk?sa=L&ai=Cp1YmTYMLXay3L5-wtOUPiLeVkA-cg_6NV9SU-pyWCfAuEAEgjeCgJWCJq4uO9BPIAQmpAst8jco","https://googleads.g.doubleclick.net/pagead/ads?submodel=iPhone8%2C1&ios_base_sdk=11.0&u_sd=2&hl=ja&u_h=667&request_id=3801&u_aud","Mozilla/5.0 (iPhone; CPU iPhone OS 12_1_2 like Mac OS X) AppleWebKit/605.1.15 (KHTML_ like Gecko) Mobile/16C101","_Default_","2019-06-20","2019-06-20 12:59:58.000"
"1561035598333","180.92.18.13","135306","PST4dB","65d07bae4690f5","20","190613_AW_3x4_004_Function_001_CTA_AAW_Performance Marketing_Cellular_300-250_rev0_still_JP-JA_21JUNE_TN","1561035598.4244","180.92.18.13","60","","ap_cookieData_type=inv&ap_cookieData_id=","","1561035598073617","https://googleads.g.doubleclick.net/dbm/clk?sa=L&ai=CbEp7ToMLXZG_BIW37wKThqOgCN6W_I1Xq7Hy478J8C4QASDRjochYImDgIDUE8gBCakC05GPZNT","https://googleads.g.doubleclick.net/pagead/ads?caps=interactiveVideo_inlineVideo_mraid1_mraid2_mraid3_th_autoplay_mediation_av_s","Mozilla/5.0 (iPhone; CPU iPhone OS 12_3_1 like Mac OS X) AppleWebKit/605.1.15 (KHTML_ like Gecko) Mobile/15E148","_Default_","2019-06-20","2019-06-20 12:59:58.000"
"1561035598333","60.122.194.155","135306","BHR98n","65d07bae4690f5","20","190613_AW_3x4_004_Function_001_CTA_AAW_Performance Marketing_Message_300-250_rev0_still_JP-JA_21JUNE_LM","1561035596.5133","60.122.194.155","60","","ap_cookieData_type=inv&ap_cookieData_id=","","1561035595013301","https://googleads.g.doubleclick.net/dbm/clk?sa=L&ai=C9ckRS4MLXfVnieGTA5SwusAFo_bTjVe9lZfnpgnwLhABINGOhyFgiZPjhPQUyAEJqQLTkY9k1Op","https://googleads.g.doubleclick.net/pagead/ads?caps=interactiveVideo_inlineVideo_mraid1_mraid2_mraid3_th_autoplay_mediation_av_s","Mozilla/5.0 (iPhone; CPU iPhone OS 12_3_1 like Mac OS X) AppleWebKit/605.1.15 (KHTML_ like Gecko) Mobile/15E148","_Default_","2019-06-20","2019-06-20 12:59:58.000"
"1561035598333","121.118.7.85","135306","7c1WS1","65d07bae4690f5","20","190613_AW_3x4_004_Function_001_CTA_AAW_Performance Marketing_Music_300-250_rev0_still_JP-JA_21JUNE_LM","1561035598.1072","121.118.7.85","60","","ap_cookieData_type=inv&ap_cookieData_id=","","1561035597684578","https://googleads.g.doubleclick.net/dbm/clk?sa=L&ai=CjOEVTYMLXaLkKaqDtOUPve2CyAXOituOV5zayJaJCfAuEAEg0Y6HIWCJq9SErBTIAQmpAst8jco","https://googleads.g.doubleclick.net/pagead/ads?caps=interactiveVideo_inlineVideo_mraid1_mraid2_mraid3_th_autoplay_mediation_av_s","Mozilla/5.0 (iPhone; CPU iPhone OS 12_1_4 like Mac OS X) AppleWebKit/605.1.15 (KHTML_ like Gecko) Mobile/16D57","_Default_","2019-06-20","2019-06-20 12:59:58.000"
"1561035598333","126.241.248.128","135306","EKQZWj","65d07bae4690f5","20","190613_AW_3x4_003_Performance Marketing_Generic3_300-250_rev0_still_JP-JA_21JUNE_TN","1561035598.2773","126.241.248.128","60","","ap_cookieData_type=inv&ap_cookieData_id=","","1561035597550859","https://googleads.g.doubleclick.net/dbm/clk?sa=L&ai=C2pRtTYMLXcvPIYnhkwOUsLrABZDF041Xk4ul9LgJ8C4QASDRjochYInD4ITkFMgBCakC05GPZNT","https://googleads.g.doubleclick.net/pagead/ads?caps=interactiveVideo_inlineVideo_mraid1_mraid2_mraid3_th_autoplay_mediation_av_s","Mozilla/5.0 (iPhone; CPU iPhone OS 12_3_1 like Mac OS X) AppleWebKit/605.1.15 (KHTML_ like Gecko) Mobile/15E148","_Default_","2019-06-20","2019-06-20 12:59:58.000"
"1561035599333","121.118.7.85","135306","ywF8ZA","65d07bae4690f5","20","190613_AW_3x4_004_Function_001_CTA_AAW_Performance Marketing_Apple pay_300-250_rev0_still_JP-JA_21JUNE_TN","1561035598.3196","121.118.7.85","60","","ap_cookieData_type=inv&ap_cookieData_id=","","1561035597876767","https://googleads.g.doubleclick.net/dbm/clk?sa=L&ai=C5gSzTYMLXd_BNcextOUPlu6-yAul_diOV8ffxdC4CfAuEAEg0Y6HIWCJq9SErBTIAQmpAst8jco","https://googleads.g.doubleclick.net/pagead/ads?caps=interactiveVideo_inlineVideo_mraid1_mraid2_mraid3_th_autoplay_mediation_av_s","Mozilla/5.0 (iPhone; CPU iPhone OS 12_1_4 like Mac OS X) AppleWebKit/605.1.15 (KHTML_ like Gecko) Mobile/16D57","_Default_","2019-06-20","2019-06-20 12:59:59.000"
"1561035599333","182.251.142.225","135306","PST4dB","65d07bae4690f5","20","190613_AW_3x4_004_Function_001_CTA_AAW_Performance Marketing_Cellular_300-250_rev0_still_JP-JA_21JUNE_TN","1561035597.2693","182.251.142.225","60","","ap_cookieData_type=inv&ap_cookieData_id=","","1561035596289822","https://googleads.g.doubleclick.net/dbm/clk?sa=L&ai=CSO35TIMLXZ7YEc-XkwPZkLTwA96W_I1Xq7Hy478J8C4QASDRjochYInLz4ScFMgBCakCy3yNyjj","https://googleads.g.doubleclick.net/pagead/ads?caps=interactiveVideo_inlineVideo_mraid1_mraid2_mraid3_th_autoplay_mediation_av_s","Mozilla/5.0 (iPhone; CPU iPhone OS 12_1_2 like Mac OS X) AppleWebKit/605.1.15 (KHTML_ like Gecko) Mobile/16C104","_Default_","2019-06-20","2019-06-20 12:59:59.000"
"1561035590189","125.201.63.129","135306","cpYzDf","65d07bae4690f5","20","190613_AW_3x4_004_Function_001_CTA_AAW_Performance Marketing_Apple pay_300-250_rev0_still_JP-JA_21JUNE_LM","1561035590.9712","125.201.63.129","60","","ap_cookieData_type=inv&ap_cookieData_id=","","1561035589594495","https://googleads.g.doubleclick.net/dbm/clk?sa=L&ai=CVhPuRYMLXb-kJLzXtOUP4eeq8Ael_diOV6TRof7KCfAuEAEg0Y6HIWCJo7yE3BPIAQmpAtORj2T","https://googleads.g.doubleclick.net/pagead/ads?caps=interactiveVideo_inlineVideo_mraid1_mraid2_mraid3_th_autoplay_mediation_av_s","Mozilla/5.0 (iPhone; CPU iPhone OS 12_3_1 like Mac OS X) AppleWebKit/605.1.15 (KHTML_ like Gecko) Mobile/15E148","_Default_","2019-06-20","2019-06-20 12:59:50.000"
"1561035590189","49.98.168.249","135306","O4p0w6","65d07bae4690f5","20","190613_AW_3x4_004_Function_001_CTA_AAW_Performance Marketing_Activity Rings_300-250_rev0_still_JP-JA_21JUNE_LM","1561035589.6582","49.98.168.249","60","","ap_cookieData_type=inv&ap_cookieData_id=","","1561035587833189","https://googleads.g.doubleclick.net/dbm/clk?sa=L&ai=CD3zQQ4MLXaXtMpbs_AOR5a6wBIbd0Y1X3K-igLYJ8C4QASDRjochYImrt4TEE8gBCakCy3yNyjj","https://googleads.g.doubleclick.net/pagead/ads?caps=interactiveVideo_inlineVideo_mraid1_mraid2_mraid3_th_autoplay_mediation_av_s","Mozilla/5.0 (iPhone; CPU iPhone OS 11_4_1 like Mac OS X) AppleWebKit/605.1.15 (KHTML_ like Gecko) Mobile/15G77","_Default_","2019-06-20","2019-06-20 12:59:50.000"
"1561035591189","211.133.212.242","135306","t10yXx","65d07bae4690f5","20","190613_AW_3x4_004_Function_001_CTA_AAW_Performance Marketing_Move_300-250_rev0_still_JP-JA_21JUNE_TN","1561035590.9419","211.133.212.242","60","","ap_cookieData_type=inv&ap_cookieData_id=","","1561035590180227","https://googleads.g.doubleclick.net/dbm/clk?sa=L&ai=C_lyNRoMLXYOAC4-T-gPx3IeQDbqh041X3Ny0lokJ8C4QASDRjochYInTzYSYFMgBCakCy3yNyjj","https://googleads.g.doubleclick.net/pagead/ads?caps=interactiveVideo_inlineVideo_mraid1_mraid2_mraid3_th_autoplay_mediation_av_s","Mozilla/5.0 (iPhone; CPU iPhone OS 12_3_1 like Mac OS X) AppleWebKit/605.1.15 (KHTML_ like Gecko) Mobile/15E148","_Default_","2019-06-20","2019-06-20 12:59:51.000"
"1561035591189","175.184.50.90","135306","QAb2jP","65d07bae4690f5","20","190613_AW_3x4_003_Generic_001_CTA_AAW_Performance Marketing_Generic3_300-250_rev0_still_JP-JA_21JUNE_LM","1561035588.6441","175.184.50.90","60","","ap_cookieData_type=inv&ap_cookieData_id=","","1561035587156169","https://googleads.g.doubleclick.net/dbm/clk?sa=L&ai=C3XceQ4MLXYnECcfMtOUPuKG0wAWQxdONV-iPifrkCfAuEAEg0Y6HIWCJ08OE8BPIAQmpAst8jco","https://googleads.g.doubleclick.net/pagead/ads?caps=interactiveVideo_inlineVideo_mraid1_mraid2_mraid3_th_autoplay_mediation_av_s","Mozilla/5.0 (iPhone; CPU iPhone OS 12_3_1 like Mac OS X) AppleWebKit/605.1.15 (KHTML_ like Gecko) Mobile/15E148","_Default_","2019-06-20","2019-06-20 12:59:51.000"
"1561035591189","126.241.248.128","135306","8z9gXp","65d07bae4690f5","20","190613_AW_3x4_004_Function_001_CTA_AAW_Performance Marketing_Stand_300-250_rev0_still_JP-JA_21JUNE_LM","1561035589.3521","126.241.248.128","60","","ap_cookieData_type=inv&ap_cookieData_id=","","1561035588657365","https://googleads.g.doubleclick.net/dbm/clk?sa=L&ai=CRb6SRIMLXdWPKMfUkwPV_6cYnez9jVfmwo6suwnwLhABINGOhyFgicPghOQUyAEJqQLLfI3KOPF","https://googleads.g.doubleclick.net/pagead/ads?caps=interactiveVideo_inlineVideo_mraid1_mraid2_mraid3_th_autoplay_mediation_av_s","Mozilla/5.0 (iPhone; CPU iPhone OS 12_3_1 like Mac OS X) AppleWebKit/605.1.15 (KHTML_ like Gecko) Mobile/15E148","_Default_","2019-06-20","2019-06-20 12:59:51.000"
"1561035591189","126.233.102.137","135306","ywF8ZA","65d07bae4690f5","20","190613_AW_3x4_004_Function_001_CTA_AAW_Performance Marketing_Apple pay_300-250_rev0_still_JP-JA_21JUNE_TN","1561035589.1857","126.233.102.137","60","","ap_cookieData_type=inv&ap_cookieData_id=","","1561035589319606","https://googleads.g.doubleclick.net/dbm/clk?sa=L&ai=Ckft6RYMLXfbAE9eo-gOkuLLgAaX92I5Xx9_F0LgJ8C4QASDRjochYImDgIDwE8gBCakC05GPZNT","https://googleads.g.doubleclick.net/pagead/ads?caps=interactiveVideo_inlineVideo_mraid1_mraid2_mraid3_th_autoplay_mediation_av_s","Mozilla/5.0 (iPhone; CPU iPhone OS 12_3_2 like Mac OS X) AppleWebKit/605.1.15 (KHTML_ like Gecko) Mobile/15E148","_Default_","2019-06-20","2019-06-20 12:59:51.000"
"1561035591189","106.159.243.214","135306","lmL120","65d07bae4690f5","20","190613_AW_3x4_004_Function_001_CTA_AAW_Performance Marketing_Workout_300-250_rev0_still_JP-JA_21JUNE_TN","1561035589.4966","106.159.243.214","60","","ap_cookieData_type=inv&ap_cookieData_id=","","1561035588936796","https://googleads.g.doubleclick.net/dbm/clk?sa=L&ai=C5zh5RIMLXdyWOfWKtOUPvpSqgAWcg_6NV6G9mOi9CfAuEAEg0Y6HIWCJo8qEiBTIAQmpAst8jco","https://googleads.g.doubleclick.net/pagead/ads?caps=interactiveVideo_inlineVideo_mraid1_mraid2_mraid3_th_autoplay_mediation_av_s","Mozilla/5.0 (iPhone; CPU iPhone OS 12_3_1 like Mac OS X) AppleWebKit/605.1.15 (KHTML_ like Gecko) Mobile/15E148","_Default_","2019-06-20","2019-06-20 12:59:51.000"
"1561035591189","219.111.103.148","135306","ca1n6Y","65d07bae4690f5","20","190613_AW_3x4_004_Function_001_CTA_AAW_Performance Marketing_Activity Rings_300-250_rev0_still_JP-JA_21JUNE_TN","1561035591.3093","219.111.103.148","60","","ap_cookieData_type=inv&ap_cookieData_id=","","1561035590610242","https://googleads.g.doubleclick.net/dbm/clk?sa=L&ai=Czkh5RoMLXcKfJeLT7wLb57LYCIbd0Y1XsM39zekJ8C4QASDRjochYImDgID8FMgBCakCy3yNyjj","https://googleads.g.doubleclick.net/pagead/ads?caps=interactiveVideo_inlineVideo_mraid1_mraid2_mraid3_th_autoplay_mediation_av_s","Mozilla/5.0 (iPhone; CPU iPhone OS 12_3_1 like Mac OS X) AppleWebKit/605.1.15 (KHTML_ like Gecko) Mobile/15E148","_Default_","2019-06-20","2019-06-20 12:59:51.000"
"1561035591189","111.125.54.14","135306","k1W6Qk","65d07bae4690f5","20","190613_AW_3x4_004_Function_001_CTA_AAW_Performance Marketing_Heart Rate_300-250_rev0_still_JP-JA_21JUNE_TN","1561035591.1671","111.125.54.14","60","","ap_cookieData_type=inv&ap_cookieData_id=","","1561035590442308","https://googleads.g.doubleclick.net/dbm/clk?sa=L&ai=CyJzBRoMLXcT_GsTO7wL8tZPQBuyp-41X4YWh0NMJ8C4QASDRjochYImrwoTwE8gBCakC05GPZNT","https://googleads.g.doubleclick.net/pagead/ads?caps=interactiveVideo_inlineVideo_mraid1_mraid2_mraid3_th_autoplay_mediation_av_s","Mozilla/5.0 (iPhone; CPU iPhone OS 12_3_1 like Mac OS X) AppleWebKit/605.1.15 (KHTML_ like Gecko) Mobile/15E148","_Default_","2019-06-20","2019-06-20 12:59:51.000"
"1561035591189","126.124.210.89","135306","nwDcbX","65d07bae4690f5","20","190613_AW_3x4_004_Function_001_CTA_AAW_Performance Marketing_Apple pay Suica_300-250_rev0_still_JP-JA_21JUNE_LM","1561035589.6195","126.124.210.89","60","","ap_cookieData_type=inv&ap_cookieData_id=","","1561035588320499","https://googleads.g.doubleclick.net/dbm/clk?sa=L&ai=CmP6eRIMLXfPHE4SZtOUPzLGx-A6fndiOV4rGmcvbCfAuEAEg0Y6HIWCJk9SErBTIAQmpAtORj2T","https://googleads.g.doubleclick.net/pagead/ads?caps=interactiveVideo_inlineVideo_mraid1_mraid2_mraid3_th_autoplay_mediation_av_s","Mozilla/5.0 (iPhone; CPU iPhone OS 12_3_1 like Mac OS X) AppleWebKit/605.1.15 (KHTML_ like Gecko) Mobile/15E148","_Default_","2019-06-20","2019-06-20 12:59:51.000"
"1561035591189","61.205.88.123","135306","5nL2s9","65d07bae4690f5","20","190613_AW_3x4_004_Function_001_CTA_AAW_Performance Marketing_Heart Rate_300-250_rev0_still_JP-JA_21JUNE_LM","1561035589.6107","61.205.88.123","60","","ap_cookieData_type=inv&ap_cookieData_id=","","1561035587670070","https://googleads.g.doubleclick.net/dbm/clk?sa=L&ai=CqcslQ4MLXfbyKMKB5LcP-bOV2AbsqfuNV_yW2tq1CfAuEAEg0Y6HIWCJA8gBCakC05GPZNTqQz6","https://googleads.g.doubleclick.net/pagead/ads?caps=interactiveVideo_inlineVideo_mraid1_mraid2_mraid3_th_autoplay_mediation_av_s","Mozilla/5.0 (iPhone; CPU iPhone OS 12_2 like Mac OS X) AppleWebKit/605.1.15 (KHTML_ like Gecko) Mobile/15E148","_Default_","2019-06-20","2019-06-20 12:59:51.000"
"1561035592189","180.220.121.200","135306","BHR98n","65d07bae4690f5","20","190613_AW_3x4_004_Function_001_CTA_AAW_Performance Marketing_Message_300-250_rev0_still_JP-JA_21JUNE_LM","1561035591.2126","180.220.121.200","60","","ap_cookieData_type=inv&ap_cookieData_id=","","1561035590885139","https://googleads.g.doubleclick.net/dbm/clk?sa=L&ai=CqOc6RoMLXZODNujStOUPh8WI6A6j9tONV72Vl-emCfAuEAEg0Y6HIWCJi9OErBTIAQmpAst8jco","https://googleads.g.doubleclick.net/pagead/ads?caps=interactiveVideo_inlineVideo_mraid1_mraid2_mraid3_th_autoplay_mediation_av_s","Mozilla/5.0 (iPhone; CPU iPhone OS 12_3_1 like Mac OS X) AppleWebKit/605.1.15 (KHTML_ like Gecko) Mobile/15E148","_Default_","2019-06-20","2019-06-20 12:59:52.000"
"1561035592189","175.41.81.52","135306","EKQZWj","65d07bae4690f5","20","190613_AW_3x4_003_Performance Marketing_Generic3_300-250_rev0_still_JP-JA_21JUNE_TN","1561035591.2920","175.41.81.52","60","","ap_cookieData_type=inv&ap_cookieData_id=","","1561035591063852","https://googleads.g.doubleclick.net/dbm/clk?sa=L&ai=CgNoGR4MLXezyA93TtOUPg7GXoAqQxdONV5OLpfS4CfAuEAEg0Y6HIWCJ28WE9BPIAQmpAtORj2T","https://googleads.g.doubleclick.net/pagead/ads?caps=interactiveVideo_inlineVideo_mraid1_mraid2_mraid3_th_autoplay_mediation_av_s","Mozilla/5.0 (iPhone; CPU iPhone OS 12_3_1 like Mac OS X) AppleWebKit/605.1.15 (KHTML_ like Gecko) Mobile/15E148","_Default_","2019-06-20","2019-06-20 12:59:52.000"
"1561035592189","58.191.201.78","135306","cpYzDf","65d07bae4690f5","20","190613_AW_3x4_004_Function_001_CTA_AAW_Performance Marketing_Apple pay_300-250_rev0_still_JP-JA_21JUNE_LM","1561035591.6658","58.191.201.78","60","","ap_cookieData_type=inv&ap_cookieData_id=","","1561035591399149","https://googleads.g.doubleclick.net/dbm/clk?sa=L&ai=CEuHKR4MLXa2uGJGq7wKDmJXQCKX92I5XpNGh_soJ8C4QASDRjochYInz0YSkFMgBCakC05GPZNT","https://googleads.g.doubleclick.net/pagead/ads?caps=interactiveVideo_inlineVideo_mraid1_mraid2_mraid3_th_autoplay_mediation_av_s","Mozilla/5.0 (iPhone; CPU iPhone OS 12_3_1 like Mac OS X) AppleWebKit/605.1.15 (KHTML_ like Gecko) Mobile/15E148","_Default_","2019-06-20","2019-06-20 12:59:52.000"
"1561035592189","126.103.174.187","135306","nwDcbX","65d07bae4690f5","20","190613_AW_3x4_004_Function_001_CTA_AAW_Performance Marketing_Apple pay Suica_300-250_rev0_still_JP-JA_21JUNE_LM","1561035590.9140","126.103.174.187","60","","ap_cookieData_type=inv&ap_cookieData_id=","","1561035589756226","https://googleads.g.doubleclick.net/dbm/clk?sa=L&ai=CRHgjRYMLXYKULqzMtOUPvOu88A2fndiOV4rGmcvbCfAuEAEg0Y6HIWCJk8CE7BPIAQmpAst8jco","https://googleads.g.doubleclick.net/pagead/ads?caps=interactiveVideo_inlineVideo_mraid1_mraid2_mraid3_th_autoplay_mediation_av_s","Mozilla/5.0 (iPhone; CPU iPhone OS 12_3_1 like Mac OS X) AppleWebKit/605.1.15 (KHTML_ like Gecko) Mobile/15E148","_Default_","2019-06-20","2019-06-20 12:59:52.000"
"1561035592189","175.184.50.90","135306","QAb2jP","65d07bae4690f5","20","190613_AW_3x4_003_Generic_001_CTA_AAW_Performance Marketing_Generic3_300-250_rev0_still_JP-JA_21JUNE_LM","1561035589.1821","175.184.50.90","60","","ap_cookieData_type=inv&ap_cookieData_id=","","1561035588218109","https://googleads.g.doubleclick.net/dbm/clk?sa=L&ai=CPeg_RIMLXf2nDaOetOUP0--PqA-QxdONV-iPifrkCfAuEAEg0Y6HIWCJ08OE8BPIAQmpAtORj2T","https://googleads.g.doubleclick.net/pagead/ads?caps=interactiveVideo_inlineVideo_mraid1_mraid2_mraid3_th_autoplay_mediation_av_s","Mozilla/5.0 (iPhone; CPU iPhone OS 12_3_1 like Mac OS X) AppleWebKit/605.1.15 (KHTML_ like Gecko) Mobile/15E148","_Default_","2019-06-20","2019-06-20 12:59:52.000"
"1561035592189","126.233.233.220","135306","k1W6Qk","65d07bae4690f5","20","190613_AW_3x4_004_Function_001_CTA_AAW_Performance Marketing_Heart Rate_300-250_rev0_still_JP-JA_21JUNE_TN","1561035590.8520","126.233.233.220","60","","ap_cookieData_type=inv&ap_cookieData_id=","","1561035589383454","https://googleads.g.doubleclick.net/dbm/clk?sa=L&ai=C84iURYMLXd6zF9KB9AOugqCID-yp-41X4YWh0NMJ8C4QASDRjochYImLxIT0E8gBCakCy3yNyjj","https://googleads.g.doubleclick.net/pagead/ads?caps=interactiveVideo_inlineVideo_mraid1_mraid2_mraid3_th_autoplay_mediation_av_s","Mozilla/5.0 (iPhone; CPU iPhone OS 12_3_1 like Mac OS X) AppleWebKit/605.1.15 (KHTML_ like Gecko) Mobile/15E148","_Default_","2019-06-20","2019-06-20 12:59:52.000"
"1561035592189","150.249.80.224","135306","7c1WS1","65d07bae4690f5","20","190613_AW_3x4_004_Function_001_CTA_AAW_Performance Marketing_Music_300-250_rev0_still_JP-JA_21JUNE_LM","1561035592.1539","150.249.80.224","60","","ap_cookieData_type=inv&ap_cookieData_id=","","1561035591621493","https://googleads.g.doubleclick.net/dbm/clk?sa=L&ai=C1oq3R4MLXbX3JbqxtOUP66aIwAPOituOV5zayJaJCfAuEAEg0Y6HIWCJ08CE7BPIAQmpAtORj2T","https://googleads.g.doubleclick.net/pagead/ads?caps=interactiveVideo_inlineVideo_mraid1_mraid2_mraid3_th_autoplay_mediation_av_s","Mozilla/5.0 (iPhone; CPU iPhone OS 12_3_1 like Mac OS X) AppleWebKit/605.1.15 (KHTML_ like Gecko) Mobile/15E148","_Default_","2019-06-20","2019-06-20 12:59:52.000"
"1561035592189","122.222.5.176","135306","EKQZWj","65d07bae4690f5","20","190613_AW_3x4_003_Performance Marketing_Generic3_300-250_rev0_still_JP-JA_21JUNE_TN","1561035590.7024","122.222.5.176","60","","ap_cookieData_type=inv&ap_cookieData_id=","","1561035588895108","https://googleads.g.doubleclick.net/dbm/clk?sa=L&ai=C_-yqRIMLXYTRNviEtOUP6q-W0AiQxdONV5OLpfS4CfAuEAEg0Y6HIWCJk7mEyBPIAQmpAst8jco","https://googleads.g.doubleclick.net/pagead/ads?caps=interactiveVideo_inlineVideo_mraid1_mraid2_mraid3_th_autoplay_mediation_av_s","Mozilla/5.0 (iPhone; CPU iPhone OS 12_1_2 like Mac OS X) AppleWebKit/605.1.15 (KHTML_ like Gecko) Mobile/16C101","_Default_","2019-06-20","2019-06-20 12:59:52.000"
"1561035592189","175.184.50.90","135306","ywF8ZA","65d07bae4690f5","20","190613_AW_3x4_004_Function_001_CTA_AAW_Performance Marketing_Apple pay_300-250_rev0_still_JP-JA_21JUNE_TN","1561035588.1893","175.184.50.90","60","","ap_cookieData_type=inv&ap_cookieData_id=","","1561035587842554","https://googleads.g.doubleclick.net/dbm/clk?sa=L&ai=CzZf3Q4MLXbq2M9mHtOUPo7G76Aal_diOV8ffxdC4CfAuEAEg0Y6HIWCJ08OE8BPIAQmpAst8jco","https://googleads.g.doubleclick.net/pagead/ads?caps=interactiveVideo_inlineVideo_mraid1_mraid2_mraid3_th_autoplay_mediation_av_s","Mozilla/5.0 (iPhone; CPU iPhone OS 12_3_1 like Mac OS X) AppleWebKit/605.1.15 (KHTML_ like Gecko) Mobile/15E148","_Default_","2019-06-20","2019-06-20 12:59:52.000"
"1561035592189","180.144.99.240","135306","8z9gXp","65d07bae4690f5","20","190613_AW_3x4_004_Function_001_CTA_AAW_Performance Marketing_Stand_300-250_rev0_still_JP-JA_21JUNE_LM","1561035592.5935","180.144.99.240","60","","ap_cookieData_type=inv&ap_cookieData_id=","","1561035590906526","https://googleads.g.doubleclick.net/dbm/clk?sa=L&ai=Cldz_RoMLXZ6qN4X9iQPpmL2YAp3s_Y1X5sKOrLsJ8C4QASDRjochYImTio6oFMgBCakC05GPZNT","https://googleads.g.doubleclick.net/pagead/ads?caps=interactiveVideo_inlineVideo_mraid1_mraid2_mraid3_th_autoplay_mediation_av_s","Mozilla/5.0 (iPhone; CPU iPhone OS 12_3_1 like Mac OS X) AppleWebKit/605.1.15 (KHTML_ like Gecko) Mobile/15E148","_Default_","2019-06-20","2019-06-20 12:59:52.000"
"1561035592189","36.52.180.197","135306","7c1WS1","65d07bae4690f5","20","190613_AW_3x4_004_Function_001_CTA_AAW_Performance Marketing_Music_300-250_rev0_still_JP-JA_21JUNE_LM","1561035592.4245","36.52.180.197","60","","ap_cookieData_type=inv&ap_cookieData_id=","","1561035591985012","https://googleads.g.doubleclick.net/dbm/clk?sa=L&ai=CwQlRR4MLXbSPPMzwkwOB44KABM6K245XnNrIlokJ8C4QASDRjochYInzxYT0E8gBCakCy3yNyjj","https://googleads.g.doubleclick.net/pagead/ads?caps=interactiveVideo_inlineVideo_mraid1_mraid2_mraid3_th_autoplay_mediation_av_s","Mozilla/5.0 (iPhone; CPU iPhone OS 12_3_1 like Mac OS X) AppleWebKit/605.1.15 (KHTML_ like Gecko) Mobile/15E148","_Default_","2019-06-20","2019-06-20 12:59:52.000"
"1561035593189","117.109.147.95","135306","lmL120","65d07bae4690f5","20","190613_AW_3x4_004_Function_001_CTA_AAW_Performance Marketing_Workout_300-250_rev0_still_JP-JA_21JUNE_TN","1561035592.4701","117.109.147.95","60","","ap_cookieData_type=inv&ap_cookieData_id=","","1561035592105177","https://googleads.g.doubleclick.net/dbm/clk?sa=L&ai=CqgMISIMLXdm1BsSbkwOr1Y7QC5yD_o1Xob2Y6L0J8C4QASDRjochYImj14S0FMgBCakCy3yNyjj","https://googleads.g.doubleclick.net/pagead/ads?caps=interactiveVideo_inlineVideo_mraid1_mraid2_mraid3_th_autoplay_mediation_av_s","Mozilla/5.0 (iPhone; CPU iPhone OS 12_3_1 like Mac OS X) AppleWebKit/605.1.15 (KHTML_ like Gecko) Mobile/15E148","_Default_","2019-06-20","2019-06-20 12:59:53.000"
"1561035593189","111.125.54.14","135306","28A3w6","65d07bae4690f5","20","190613_AW_3x4_003_Generic_001_CTA_AAW_Performance Marketing_Generic2_300-250_rev0_still_JP-JA_21JUNE_LM","1561035592.7717","111.125.54.14","60","","ap_cookieData_type=inv&ap_cookieData_id=","","1561035591209458","https://googleads.g.doubleclick.net/dbm/clk?sa=L&ai=CJgdsR4MLXbLkDPGA5LcPl9C04AHdgf2NV-eKjrqCCvAuEAEg0Y6HIWCJq8KE8BPIAQmpAst8jco","https://googleads.g.doubleclick.net/pagead/ads?caps=interactiveVideo_inlineVideo_mraid1_mraid2_mraid3_th_autoplay_mediation_av_s","Mozilla/5.0 (iPhone; CPU iPhone OS 12_3_1 like Mac OS X) AppleWebKit/605.1.15 (KHTML_ like Gecko) Mobile/15E148","_Default_","2019-06-20","2019-06-20 12:59:53.000"
"1561035593189","180.92.18.13","135306","2T5XMQ","65d07bae4690f5","20","190613_AW_3x4_004_Function_001_CTA_AAW_Performance Marketing_Workout_300-250_rev0_still_JP-JA_21JUNE_LM","1561035592.7353","180.92.18.13","60","","ap_cookieData_type=inv&ap_cookieData_id=","","1561035591338368","https://googleads.g.doubleclick.net/dbm/clk?sa=L&ai=C_4uhR4MLXcDTFJGq7wKDmJXQCJyD_o1X1JT6nJYJ8C4QASDRjochYImDgIDUE8gBCakC05GPZNT","https://googleads.g.doubleclick.net/pagead/ads?caps=interactiveVideo_inlineVideo_mraid1_mraid2_mraid3_th_autoplay_mediation_av_s","Mozilla/5.0 (iPhone; CPU iPhone OS 12_3_1 like Mac OS X) AppleWebKit/605.1.15 (KHTML_ like Gecko) Mobile/15E148","_Default_","2019-06-20","2019-06-20 12:59:53.000"
"1561035593189","126.224.92.129","135306","t10yXx","65d07bae4690f5","20","190613_AW_3x4_004_Function_001_CTA_AAW_Performance Marketing_Move_300-250_rev0_still_JP-JA_21JUNE_TN","1561035589.6923","126.224.92.129","60","","ap_cookieData_type=inv&ap_cookieData_id=","","1561035588049880","https://googleads.g.doubleclick.net/dbm/clk?sa=L&ai=CsDrCRIMLXdiFA4nx_APZ-ougA7qh041X3Ny0lokJ8C4QASDRjochYImrxYT0E8gBCakCy3yNyjj","https://googleads.g.doubleclick.net/pagead/ads?caps=interactiveVideo_inlineVideo_mraid1_mraid2_mraid3_th_autoplay_mediation_av_s","Mozilla/5.0 (iPhone; CPU iPhone OS 12_2 like Mac OS X) AppleWebKit/605.1.15 (KHTML_ like Gecko) Mobile/15E148","_Default_","2019-06-20","2019-06-20 12:59:53.000"
"1561035593189","106.132.138.45","135306","9nUb4i","65d07bae4690f5","20","190613_AW_3x4_004_Function_001_CTA_AAW_Performance Marketing_Exercise_300-250_rev0_still_JP-JA_21JUNE_LM","1561035590.7445","106.132.138.45","60","","ap_cookieData_type=inv&ap_cookieData_id=","","1561035589065118","https://googleads.g.doubleclick.net/dbm/clk?sa=L&ai=Ct9TrRYMLXd78A_Og9AP6ibWwD6bc_I1X1Mit9ZUJ8C4QASDRjochYInTwITsE8gBCakCy3yNyjj","https://googleads.g.doubleclick.net/pagead/ads?caps=interactiveVideo_inlineVideo_mraid1_mraid2_mraid3_th_autoplay_mediation_av_s","Mozilla/5.0 (iPhone; CPU iPhone OS 12_1 like Mac OS X) AppleWebKit/605.1.15 (KHTML_ like Gecko) Mobile/16B92","_Default_","2019-06-20","2019-06-20 12:59:53.000"
"1561035593189","126.233.78.63","135306","t10yXx","65d07bae4690f5","20","190613_AW_3x4_004_Function_001_CTA_AAW_Performance Marketing_Move_300-250_rev0_still_JP-JA_21JUNE_TN","1561035590.7516","126.233.78.63","60","","ap_cookieData_type=inv&ap_cookieData_id=","","1561035590086007","https://googleads.g.doubleclick.net/dbm/clk?sa=L&ai=CQtqMRoMLXfefBdPLtOUPt6m5ILqh041X3Ny0lokJ8C4QASDFpb4jYInzxIT0E8gBCakC05GPZNT","https://googleads.g.doubleclick.net/mads/gma?os_version=12.1.0&u_sso=p&ios_base_sdk=12.1&request_id=1420&platform=iPhone&app_nam","Mozilla/5.0 (iPhone; CPU iPhone OS 12_1 like Mac OS X) AppleWebKit/605.1.15 (KHTML_ like Gecko) Mobile/16B92","_Default_","2019-06-20","2019-06-20 12:59:53.000"
"1561035593189","106.132.138.45","135306","59Q5oJ","65d07bae4690f5","20","190613_AW_3x4_004_Function_001_CTA_AAW_Performance Marketing_Move_300-250_rev0_still_JP-JA_21JUNE_LM","1561035592.9054","106.132.138.45","60","","ap_cookieData_type=inv&ap_cookieData_id=","","1561035591696649","https://googleads.g.doubleclick.net/dbm/clk?sa=L&ai=COOEWR4MLXcnCKqautOUPrrOvwAm6odONV6aZocS1CfAuEAEg0Y6HIWCJ08CE7BPIAQmpAst8jco","https://googleads.g.doubleclick.net/pagead/ads?caps=interactiveVideo_inlineVideo_mraid1_mraid2_mraid3_th_autoplay_mediation_av_s","Mozilla/5.0 (iPhone; CPU iPhone OS 12_1 like Mac OS X) AppleWebKit/605.1.15 (KHTML_ like Gecko) Mobile/16B92","_Default_","2019-06-20","2019-06-20 12:59:53.000"
"1561035593189","60.126.43.191","135306","EVX2pe","65d07bae4690f5","20","190613_AW_3x4_003_Performance Marketing_Generic1_300-250_rev0_still_JP-JA_21JUNE_TN","1561035591.3848","60.126.43.191","60","","ap_cookieData_type=inv&ap_cookieData_id=","","1561035590309384","https://googleads.g.doubleclick.net/dbm/clk?sa=L&ai=C4OXyRoMLXYjxEsKrkwPy6JuoA-HS2o5X0LKhwKUJ8C4QASDRjochYImDgID4E8gBCakCy3yNyjj","https://googleads.g.doubleclick.net/pagead/ads?caps=interactiveVideo_inlineVideo_mraid1_mraid2_mraid3_th_autoplay_mediation_av_s","Mozilla/5.0 (iPhone; CPU iPhone OS 12_1_4 like Mac OS X) AppleWebKit/605.1.15 (KHTML_ like Gecko) Mobile/16D57","_Default_","2019-06-20","2019-06-20 12:59:53.000"
"1561035593189","49.97.101.220","135306","z3213N","65d07bae4690f5","20","190613_AW_3x4_004_Function_001_CTA_AAW_Performance Marketing_Music_300-250_rev0_still_JP-JA_21JUNE_TN","1561035591.5819","49.97.101.220","60","","ap_cookieData_type=inv&ap_cookieData_id=","","1561035590248352","https://googleads.g.doubleclick.net/dbm/clk?sa=L&ai=CJbi1RoMLXaCUD4qatOUP5rSJ2AnOituOV_zYyJaJCfAuEAEg0Y6HIWCJs4uO9BPIAQmpAtORj2T","https://googleads.g.doubleclick.net/pagead/ads?caps=interactiveVideo_inlineVideo_mraid1_mraid2_mraid3_th_autoplay_mediation_av_s","Mozilla/5.0 (iPhone; CPU iPhone OS 11_4_1 like Mac OS X) AppleWebKit/605.1.15 (KHTML_ like Gecko) Mobile/15G77","_Default_","2019-06-20","2019-06-20 12:59:53.000"
"1561035593189","111.125.149.169","135306","9nUb4i","65d07bae4690f5","20","190613_AW_3x4_004_Function_001_CTA_AAW_Performance Marketing_Exercise_300-250_rev0_still_JP-JA_21JUNE_LM","1561035593.5513","111.125.149.169","60","","ap_cookieData_type=inv&ap_cookieData_id=","","1561035592916828","https://googleads.g.doubleclick.net/dbm/clk?sa=L&ai=CFhz9SIMLXdz6N4HY-QPfiL-AAqbc_I1X1Mit9ZUJ8C4QASDRjochYInzxIT0E8gBCakCy3yNyjj","https://googleads.g.doubleclick.net/pagead/ads?caps=interactiveVideo_inlineVideo_mraid1_mraid2_mraid3_th_autoplay_mediation_av_s","Mozilla/5.0 (iPhone; CPU iPhone OS 12_3_2 like Mac OS X) AppleWebKit/605.1.15 (KHTML_ like Gecko) Mobile/15E148","_Default_","2019-06-20","2019-06-20 12:59:53.000"
"1561035594189","175.41.81.52","135306","2qV3Xj","65d07bae4690f5","20","190613_AW_3x4_004_Function_001_CTA_AAW_Performance Marketing_Activity Coarching_300-250_rev0_still_JP-JA_21JUNE_TN","1561035593.3712","175.41.81.52","60","","ap_cookieData_type=inv&ap_cookieData_id=","","1561035592993784","https://googleads.g.doubleclick.net/dbm/clk?sa=L&ai=C3BC8SIMLXfjTPOKFtOUPh5uxiA7nxNiOV_mwn8HKCfAuEAEg0Y6HIWCJ28WE9BPIAQmpAst8jco","https://googleads.g.doubleclick.net/pagead/ads?caps=interactiveVideo_inlineVideo_mraid1_mraid2_mraid3_th_autoplay_mediation_av_s","Mozilla/5.0 (iPhone; CPU iPhone OS 12_3_1 like Mac OS X) AppleWebKit/605.1.15 (KHTML_ like Gecko) Mobile/15E148","_Default_","2019-06-20","2019-06-20 12:59:54.000"
"1561035594189","220.148.11.165","135306","dUzGgf","65d07bae4690f5","20","190613_AW_3x4_003_Performance Marketing_Generic2_300-250_rev0_still_JP-JA_21JUNE_TN","1561035584.7595","220.148.11.165","60","","ap_cookieData_type=inv&ap_cookieData_id=","","1561035581219327","https://googleads.g.doubleclick.net/dbm/clk?sa=L&ai=CvkpWPYMLXb-xDZKO9APYnqOYD92B_Y1XjNq9lokJ8C4QASDRjochYInjzYSYFMgBCakCy3yNyjj","https://googleads.g.doubleclick.net/pagead/ads?caps=interactiveVideo_inlineVideo_mraid1_mraid2_mraid3_th_autoplay_mediation_av_s","Mozilla/5.0 (iPhone; CPU iPhone OS 12_3_1 like Mac OS X) AppleWebKit/605.1.15 (KHTML_ like Gecko) Mobile/15E148","_Default_","2019-06-20","2019-06-20 12:59:54.000"
"1561035594189","219.100.151.147","135306","2T5XMQ","65d07bae4690f5","20","190613_AW_3x4_004_Function_001_CTA_AAW_Performance Marketing_Workout_300-250_rev0_still_JP-JA_21JUNE_LM","1561035593.8917","219.100.151.147","60","","ap_cookieData_type=inv&ap_cookieData_id=","","1561035593220658","https://googleads.g.doubleclick.net/dbm/clk?sa=L&ai=CF_J2SYMLXfK7DYmckwPwzJ7IB5yD_o1X1JT6nJYJ8C4QASDRjochYImDzYSUFMgBCakCy3yNyjj","https://googleads.g.doubleclick.net/pagead/ads?caps=interactiveVideo_inlineVideo_mraid1_mraid2_mraid3_th_autoplay_mediation_av_s","Mozilla/5.0 (iPhone; CPU iPhone OS 12_3_1 like Mac OS X) AppleWebKit/605.1.15 (KHTML_ like Gecko) Mobile/15E148","_Default_","2019-06-20","2019-06-20 12:59:54.000"
"1561035594189","121.111.95.151","135306","2qV3Xj","65d07bae4690f5","20","190613_AW_3x4_004_Function_001_CTA_AAW_Performance Marketing_Activity Coarching_300-250_rev0_still_JP-JA_21JUNE_TN","1561035591.2804","121.111.95.151","60","","ap_cookieData_type=inv&ap_cookieData_id=","","1561035590385639","https://googleads.g.doubleclick.net/dbm/clk?sa=L&ai=Ch8agRoMLXefEF4vWkwOB2qaYCefE2I5X-bCfwcoJ8C4QASDRjochYImTtITEE8gBCakCy3yNyjj","https://googleads.g.doubleclick.net/pagead/ads?caps=interactiveVideo_inlineVideo_mraid1_mraid2_mraid3_th_autoplay_mediation_av_s","Mozilla/5.0 (iPhone; CPU iPhone OS 12_3_1 like Mac OS X) AppleWebKit/605.1.15 (KHTML_ like Gecko) Mobile/15E148","_Default_","2019-06-20","2019-06-20 12:59:54.000"
"1561035594189","153.214.74.27","135306","64eC38","65d07bae4690f5","20","190613_AW_3x4_004_Function_001_CTA_AAW_Performance Marketing_Apple pay Suica_300-250_rev0_still_JP-JA_21JUNE_TN","1561035593.5458","153.214.74.27","60","","ap_cookieData_type=inv&ap_cookieData_id=","","1561035592602937","https://googleads.g.doubleclick.net/dbm/clk?sa=L&ai=CnxoJSIMLXbnmJLXMtOUPoZeM4AyfndiOV43-kPLACfAuEAEg0Y6HIWCJs8SE9BPIAQmpAst8jco","https://googleads.g.doubleclick.net/pagead/ads?caps=interactiveVideo_inlineVideo_mraid1_mraid2_mraid3_th_autoplay_mediation_av_s","Mozilla/5.0 (iPhone; CPU iPhone OS 12_3_1 like Mac OS X) AppleWebKit/605.1.15 (KHTML_ like Gecko) Mobile/15E148","_Default_","2019-06-20","2019-06-20 12:59:54.000"
"1561035594189","122.222.5.176","135306","ywF8ZA","65d07bae4690f5","20","190613_AW_3x4_004_Function_001_CTA_AAW_Performance Marketing_Apple pay_300-250_rev0_still_JP-JA_21JUNE_TN","1561035589.3882","122.222.5.176","60","","ap_cookieData_type=inv&ap_cookieData_id=","","1561035588849493","https://googleads.g.doubleclick.net/dbm/clk?sa=L&ai=CWiGrRIMLXdXsM7abtOUPhsKg-A6l_diOV8ffxdC4CfAuEAEg0Y6HIWCJk7mEyBPIAQmpAst8jco","https://googleads.g.doubleclick.net/pagead/ads?caps=interactiveVideo_inlineVideo_mraid1_mraid2_mraid3_th_autoplay_mediation_av_s","Mozilla/5.0 (iPhone; CPU iPhone OS 12_1_2 like Mac OS X) AppleWebKit/605.1.15 (KHTML_ like Gecko) Mobile/16C101","_Default_","2019-06-20","2019-06-20 12:59:54.000"
"1561035594189","180.52.196.172","135306","dUzGgf","65d07bae4690f5","20","190613_AW_3x4_003_Performance Marketing_Generic2_300-250_rev0_still_JP-JA_21JUNE_TN","1561035593.1314","180.52.196.172","60","","ap_cookieData_type=inv&ap_cookieData_id=","","1561035593370220","https://googleads.g.doubleclick.net/dbm/clk?sa=L&ai=CfXTjSYMLXazMFouOkwO_k5e4Bt2B_Y1XjNq9lokJ8C4QASCN4KAlYImT1ISsFMgBCakCy3yNyjj","https://googleads.g.doubleclick.net/pagead/ads?should_silence_audio=0&os_version=12.1.4&ms=GYUr8SKLbk4mHhB8h0SiWmHP7HnSiPp4-Vl6z","Mozilla/5.0 (iPhone; CPU iPhone OS 12_1_4 like Mac OS X) AppleWebKit/605.1.15 (KHTML_ like Gecko) Mobile/16D57","_Default_","2019-06-20","2019-06-20 12:59:54.000"
"1561035594189","49.243.85.101","135306","Bq46c8","65d07bae4690f5","20","190613_AW_3x4_004_Function_001_CTA_AAW_Performance Marketing_Activity Coarching_300-250_rev0_still_JP-JA_21JUNE_LM","1561035593.2320","49.243.85.101","60","","ap_cookieData_type=inv&ap_cookieData_id=","","1561035593376900","https://googleads.g.doubleclick.net/dbm/clk?sa=L&ai=CxqzRSYMLXcSAF8iYtOUPhr64wALnxNiOV6uOifvECfAuEAEg0Y6HIWCJm-SErBTIAQmpAst8jco","https://googleads.g.doubleclick.net/pagead/ads?caps=interactiveVideo_inlineVideo_mraid1_mraid2_mraid3_th_autoplay_mediation_av_s","Mozilla/5.0 (iPhone; CPU iPhone OS 12_3_1 like Mac OS X) AppleWebKit/605.1.15 (KHTML_ like Gecko) Mobile/15E148","_Default_","2019-06-20","2019-06-20 12:59:54.000"
"1561035594189","202.213.176.39","135306","dcIRuf","65d07bae4690f5","20","190613_AW_3x4_004_Function_001_CTA_AAW_Performance Marketing_Cellular_300-250_rev0_still_JP-JA_21JUNE_LM","1561035593.3182","202.213.176.39","60","","ap_cookieData_type=inv&ap_cookieData_id=","","1561035592735562","https://googleads.g.doubleclick.net/dbm/clk?sa=L&ai=C6ZDESIMLXcryLITXkgPMwKHYDt6W_I1XuvmIjd0J8C4QASDRjochYImz24TIFMgBCakC05GPZNT","https://googleads.g.doubleclick.net/pagead/ads?caps=interactiveVideo_inlineVideo_mraid1_mraid2_mraid3_th_autoplay_mediation_av_s","Mozilla/5.0 (iPhone; CPU iPhone OS 12_3_1 like Mac OS X) AppleWebKit/605.1.15 (KHTML_ like Gecko) Mobile/15E148","_Default_","2019-06-20","2019-06-20 12:59:54.000"
"1561035594189","219.98.199.254","135306","O4p0w6","65d07bae4690f5","20","190613_AW_3x4_004_Function_001_CTA_AAW_Performance Marketing_Activity Rings_300-250_rev0_still_JP-JA_21JUNE_LM","1561035592.3927","219.98.199.254","60","","ap_cookieData_type=inv&ap_cookieData_id=","","1561035591103715","https://googleads.g.doubleclick.net/dbm/clk?sa=L&ai=CQRcMR4MLXaOqBpLx_AOmg61Yht3RjVfcr6KAtgnwLhABIK76myNgidPDhPATyAEJqQLLfI3KOPF","https://googleads.g.doubleclick.net/mads/gma?caps=interactiveVideo_inlineVideo_mraid1_mraid2_mraid3_th_autoplay_mediation_av_sdk","Mozilla/5.0 (iPhone; CPU iPhone OS 11_3 like Mac OS X) AppleWebKit/605.1.15 (KHTML_ like Gecko) Mobile/15E302","_Default_","2019-06-20","2019-06-20 12:59:54.000"
"1561035594189","59.128.227.78","135306","2qV3Xj","65d07bae4690f5","20","190613_AW_3x4_004_Function_001_CTA_AAW_Performance Marketing_Activity Coarching_300-250_rev0_still_JP-JA_21JUNE_TN","1561035592.4102","59.128.227.78","60","","ap_cookieData_type=inv&ap_cookieData_id=","","1561035591298924","https://googleads.g.doubleclick.net/dbm/clk?sa=L&ai=CRxYjR4MLXayfEsiYtOUPhr64wALnxNiOV_mwn8HKCfAuEAEg0Y6HIWCJg4CA0BPIAQmpAst8jco","https://googleads.g.doubleclick.net/pagead/ads?caps=interactiveVideo_inlineVideo_mraid1_mraid2_mraid3_th_autoplay_mediation_av_s","Mozilla/5.0 (iPhone; CPU iPhone OS 12_3_1 like Mac OS X) AppleWebKit/605.1.15 (KHTML_ like Gecko) Mobile/15E148","_Default_","2019-06-20","2019-06-20 12:59:54.000"
"1561035595189","104.251.149.73","135306","ywF8ZA","65d07bae4690f5","20","190613_AW_3x4_004_Function_001_CTA_AAW_Performance Marketing_Apple pay_300-250_rev0_still_JP-JA_21JUNE_TN","1561035591.3544","104.251.149.73","60","","ap_cookieData_type=inv&ap_cookieData_id=","","1561035587710645","https://googleads.g.doubleclick.net/dbm/clk?sa=L&ai=CthbdQ4MLXfWvK8TO7wL8tZPQBqX92I5Xx9_F0LgJ8C4QASDRjochYInb4oTwFMgBCakC05GPZNT","https://googleads.g.doubleclick.net/pagead/ads?caps=interactiveVideo_inlineVideo_mraid1_mraid2_mraid3_th_autoplay_mediation_av_s","Mozilla/5.0 (iPhone; CPU iPhone OS 12_3_1 like Mac OS X) AppleWebKit/605.1.15 (KHTML_ like Gecko) Mobile/15E148","_Default_","2019-06-20","2019-06-20 12:59:55.000"
"1561035595189","126.28.84.214","135306","59Q5oJ","65d07bae4690f5","20","190613_AW_3x4_004_Function_001_CTA_AAW_Performance Marketing_Move_300-250_rev0_still_JP-JA_21JUNE_LM","1561035595.9698","rsuc1hPNVInf","60","","ap_cookieData_type=inv&ap_cookieData_id=","","1561035594616996","https://googleads.g.doubleclick.net/dbm/clk?sa=L&ai=CCTtoSoMLXaTUJYvWkwOB2qaYCbqh041XppmhxLUJ8C4QASDFpb4jYInD1YSwFMgBCakCy3yNyjj","https://googleads.g.doubleclick.net/mads/gma?os_version=12.3.1&u_sso=p&ios_base_sdk=12.1&request_id=768&platform=iPhone&app_name","Mozilla/5.0 (iPhone; CPU iPhone OS 12_3_1 like Mac OS X) AppleWebKit/605.1.15 (KHTML_ like Gecko) Mobile/15E148","_Default_","2019-06-20","2019-06-20 12:59:55.000"
"1561035595189","133.203.195.160","135306","NK8ht2","65d07bae4690f5","20","190613_AW_3x4_004_Function_001_CTA_AAW_Performance Marketing_Exercise_300-250_rev0_still_JP-JA_21JUNE_TN","1561035590.9497","rttpK0ebsabU","60","","ap_cookieData_type=inv&ap_cookieData_id=","","1561035589071256","https://googleads.g.doubleclick.net/dbm/clk?sa=L&ai=CQI98RYMLXdisBIr5sgeAvLeQAabc_I1XvYn_gKsJ8C4QASCN4KAlYInL4YTsFMgBCakCy3yNyjj","https://googleads.g.doubleclick.net/pagead/ads?os_version=12.3.1&u_sso=p&ios_base_sdk=12.1&request_id=327&platform=iPhone&u_mwss","Mozilla/5.0 (iPhone; CPU iPhone OS 12_3_1 like Mac OS X) AppleWebKit/605.1.15 (KHTML_ like Gecko) Mobile/15E148","_Default_","2019-06-20","2019-06-20 12:59:55.000"
"1561035595189","126.247.132.34","135306","EKQZWj","65d07bae4690f5","20","190613_AW_3x4_003_Performance Marketing_Generic3_300-250_rev0_still_JP-JA_21JUNE_TN","1561035547.9339","126.247.132.34","60","","ap_cookieData_type=inv&ap_cookieData_id=","","1561035544139876","https://googleads.g.doubleclick.net/dbm/clk?sa=L&ai=CUX3KGIMLXeTECMXhkwPq9KWIDZDF041Xk4ul9LgJ8C4QASDRjochYInLwITsE8gBCakC05GPZNT","https://googleads.g.doubleclick.net/pagead/ads?caps=interactiveVideo_inlineVideo_mraid1_mraid2_mraid3_th_autoplay_mediation_av_s","Mozilla/5.0 (iPhone; CPU iPhone OS 11_0_3 like Mac OS X) AppleWebKit/604.1.38 (KHTML_ like Gecko) Mobile/15A432","_Default_","2019-06-20","2019-06-20 12:59:55.000"
"1561035595189","202.70.178.95","135306","7wCcwD","65d07bae4690f5","20","190613_AW_3x4_004_Function_001_CTA_AAW_Performance Marketing_Breathe_300-250_rev0_still_JP-JA_21JUNE_LM","1561035592.5494","rr7rlpc48xFa","60","","ap_cookieData_type=inv&ap_cookieData_id=","","1561035591727852","https://googleads.g.doubleclick.net/dbm/clk?sa=L&ai=C0sEUR4MLXay2LIGC5LcPp96UkAHpifyNV8qVnOTGCfAuEAEgxaW-I2CJ-9mExBTIAQmpAst8jco","https://googleads.g.doubleclick.net/mads/gma?os_version=12.3.1&u_sso=p&ios_base_sdk=12.1&request_id=500&platform=iPhone&app_name","Mozilla/5.0 (iPhone; CPU iPhone OS 12_3_1 like Mac OS X) AppleWebKit/605.1.15 (KHTML_ like Gecko) Mobile/15E148","_Default_","2019-06-20","2019-06-20 12:59:55.000"
"1561035595189","60.149.1.208","135306","BHR98n","65d07bae4690f5","20","190613_AW_3x4_004_Function_001_CTA_AAW_Performance Marketing_Message_300-250_rev0_still_JP-JA_21JUNE_LM","1561035594.7463","60.149.1.208","60","","ap_cookieData_type=inv&ap_cookieData_id=","","1561035594081150","https://googleads.g.doubleclick.net/dbm/clk?sa=L&ai=CsXElSoMLXf75BK_NtOUP-eKFwAij9tONV72Vl-emCfAuEAEg0Y6HIWCJq-CE4BTIAQmpAst8jco","https://googleads.g.doubleclick.net/pagead/ads?caps=interactiveVideo_inlineVideo_mraid1_mraid2_mraid3_th_autoplay_mediation_av_s","Mozilla/5.0 (iPhone; CPU iPhone OS 12_2 like Mac OS X) AppleWebKit/605.1.15 (KHTML_ like Gecko) Mobile/15E148","_Default_","2019-06-20","2019-06-20 12:59:55.000"
"1561035596208","106.132.87.30","135306","cpYzDf","65d07bae4690f5","20","190613_AW_3x4_004_Function_001_CTA_AAW_Performance Marketing_Apple pay_300-250_rev0_still_JP-JA_21JUNE_LM","1561035595.4282","106.132.87.30","60","","ap_cookieData_type=inv&ap_cookieData_id=","","1561035594929130","https://googleads.g.doubleclick.net/dbm/clk?sa=L&ai=C064mSoMLXeraOISF7wKKlrqgBqX92I5XpNGh_soJ8C4QASDRjochYImbi470E8gBCakC05GPZNT","https://googleads.g.doubleclick.net/pagead/ads?caps=interactiveVideo_inlineVideo_mraid1_mraid2_mraid3_th_autoplay_mediation_av_s","Mozilla/5.0 (iPhone; CPU iPhone OS 12_3_1 like Mac OS X) AppleWebKit/605.1.15 (KHTML_ like Gecko) Mobile/15E148","_Default_","2019-06-20","2019-06-20 12:59:56.000"
"1561035596208","122.222.5.176","135306","k1W6Qk","65d07bae4690f5","20","190613_AW_3x4_004_Function_001_CTA_AAW_Performance Marketing_Heart Rate_300-250_rev0_still_JP-JA_21JUNE_TN","1561035594.6895","122.222.5.176","60","","ap_cookieData_type=inv&ap_cookieData_id=","","1561035593832662","https://googleads.g.doubleclick.net/dbm/clk?sa=L&ai=C222uSYMLXZbpMtGQ9APr6J3ID-yp-41X4YWh0NMJ8C4QASDRjochYImTuYTIE8gBCakC05GPZNT","https://googleads.g.doubleclick.net/pagead/ads?caps=interactiveVideo_inlineVideo_mraid1_mraid2_mraid3_th_autoplay_mediation_av_s","Mozilla/5.0 (iPhone; CPU iPhone OS 12_1_2 like Mac OS X) AppleWebKit/605.1.15 (KHTML_ like Gecko) Mobile/16C101","_Default_","2019-06-20","2019-06-20 12:59:56.000"
"1561035596208","61.119.206.24","135306","dcIRuf","65d07bae4690f5","20","190613_AW_3x4_004_Function_001_CTA_AAW_Performance Marketing_Cellular_300-250_rev0_still_JP-JA_21JUNE_LM","1561035594.4557","61.119.206.24","60","","ap_cookieData_type=inv&ap_cookieData_id=","","1561035594447737","https://googleads.g.doubleclick.net/dbm/clk?sa=L&ai=CwLQfSoMLXfmpG96FtOUP3IC86ALelvyNV7r5iI3dCfAuEAEgxaW-I2CJ08CE7BPIAQmpAst8jco","https://googleads.g.doubleclick.net/mads/gma?os_version=12.3.1&u_sso=p&ios_base_sdk=12.1&request_id=1011&platform=iPhone&app_nam","Mozilla/5.0 (iPhone; CPU iPhone OS 12_3_1 like Mac OS X) AppleWebKit/605.1.15 (KHTML_ like Gecko) Mobile/15E148","_Default_","2019-06-20","2019-06-20 12:59:56.000"
"1561035596208","175.184.50.90","135306","9nUb4i","65d07bae4690f5","20","190613_AW_3x4_004_Function_001_CTA_AAW_Performance Marketing_Exercise_300-250_rev0_still_JP-JA_21JUNE_LM","1561035594.8904","175.184.50.90","60","","ap_cookieData_type=inv&ap_cookieData_id=","","1561035593532211","https://googleads.g.doubleclick.net/dbm/clk?sa=L&ai=Cj1HdSYMLXfO9IJiFtOUPgdKFyAOm3PyNV9TIrfWVCfAuEAEg0Y6HIWCJ08OE8BPIAQmpAst8jco","https://googleads.g.doubleclick.net/pagead/ads?caps=interactiveVideo_inlineVideo_mraid1_mraid2_mraid3_th_autoplay_mediation_av_s","Mozilla/5.0 (iPhone; CPU iPhone OS 12_3_1 like Mac OS X) AppleWebKit/605.1.15 (KHTML_ like Gecko) Mobile/15E148","_Default_","2019-06-20","2019-06-20 12:59:56.000"
"1561035596208","202.221.186.233","135306","PST4dB","65d07bae4690f5","20","190613_AW_3x4_004_Function_001_CTA_AAW_Performance Marketing_Cellular_300-250_rev0_still_JP-JA_21JUNE_TN","1561035593.9411","202.221.186.233","60","","ap_cookieData_type=inv&ap_cookieData_id=","","1561035592969622","https://googleads.g.doubleclick.net/dbm/clk?sa=L&ai=CW9RXSIMLXZaXO8OKkwOb55KIBN6W_I1Xq7Hy478J8C4QASDRjochYInDxYT0E8gBCakCy3yNyjj","https://googleads.g.doubleclick.net/pagead/ads?caps=interactiveVideo_inlineVideo_mraid1_mraid2_mraid3_th_autoplay_mediation_av_s","Mozilla/5.0 (iPhone; CPU iPhone OS 12_3_1 like Mac OS X) AppleWebKit/605.1.15 (KHTML_ like Gecko) Mobile/15E148","_Default_","2019-06-20","2019-06-20 12:59:56.000"
"1561035596208","126.35.224.45","135306","lmL120","65d07bae4690f5","20","190613_AW_3x4_004_Function_001_CTA_AAW_Performance Marketing_Workout_300-250_rev0_still_JP-JA_21JUNE_TN","1561035594.5183","126.35.224.45","60","","ap_cookieData_type=inv&ap_cookieData_id=","","1561035592711984","https://googleads.g.doubleclick.net/dbm/clk?sa=L&ai=CpB7HSIMLXbC6K8PM-QP4zJG4BZyD_o1Xob2Y6L0J8C4QASDRjochYImzxoT0E8gBCakC05GPZNT","https://googleads.g.doubleclick.net/pagead/ads?caps=interactiveVideo_inlineVideo_mraid1_mraid2_mraid3_th_autoplay_mediation_av_s","Mozilla/5.0 (iPhone; CPU iPhone OS 12_1_2 like Mac OS X) AppleWebKit/605.1.15 (KHTML_ like Gecko) Mobile/16C101","_Default_","2019-06-20","2019-06-20 12:59:56.000"
"1561035596208","153.225.157.27","135306","Bq46c8","65d07bae4690f5","20","190613_AW_3x4_004_Function_001_CTA_AAW_Performance Marketing_Activity Coarching_300-250_rev0_still_JP-JA_21JUNE_LM","1561035594.5911","153.225.157.27","60","","ap_cookieData_type=inv&ap_cookieData_id=","","1561035593167914","https://googleads.g.doubleclick.net/dbm/clk?sa=L&ai=CKcd6SYMLXeqfCvqCtOUP2q6MqAHnxNiOV6uOifvECfAuEAEg--nsIWCJg4CAkBTIAQmpAst8jco","https://googleads.g.doubleclick.net/mads/gma?caps=interactiveVideo_inlineVideo_mraid1_mraid2_mraid3_th_autoplay_mediation_av_sdk","Mozilla/5.0 (iPhone; CPU iPhone OS 12_3_1 like Mac OS X) AppleWebKit/605.1.15 (KHTML_ like Gecko) Mobile/15E148","_Default_","2019-06-20","2019-06-20 12:59:56.000"
"1561035596208","126.163.78.23","135306","dUzGgf","65d07bae4690f5","20","190613_AW_3x4_003_Performance Marketing_Generic2_300-250_rev0_still_JP-JA_21JUNE_TN","1561035593.1487","126.163.78.23","60","","ap_cookieData_type=inv&ap_cookieData_id=","","1561035592819946","https://googleads.g.doubleclick.net/dbm/clk?sa=L&ai=C2-oTSIMLXeqFMpC_7wLry6LAB92B_Y1XjNq9lokJ8C4QASDRjochYImDyIT4E8gBCakC05GPZNT","https://googleads.g.doubleclick.net/pagead/ads?caps=interactiveVideo_inlineVideo_mraid1_mraid2_mraid3_th_autoplay_mediation_av_s","Mozilla/5.0 (iPhone; CPU iPhone OS 12_3_1 like Mac OS X) AppleWebKit/605.1.15 (KHTML_ like Gecko) Mobile/15E148","_Default_","2019-06-20","2019-06-20 12:59:56.000"
"1561035596208","202.221.186.233","135306","nwDcbX","65d07bae4690f5","20","190613_AW_3x4_004_Function_001_CTA_AAW_Performance Marketing_Apple pay Suica_300-250_rev0_still_JP-JA_21JUNE_LM","1561035595.2382","202.221.186.233","60","","ap_cookieData_type=inv&ap_cookieData_id=","","1561035594532427","https://googleads.g.doubleclick.net/dbm/clk?sa=L&ai=CIyAmSoMLXcu_IIeS7wK-uKaoAp-d2I5XisaZy9sJ8C4QASDRjochYInDxYT0E8gBCakC05GPZNT","https://googleads.g.doubleclick.net/pagead/ads?caps=interactiveVideo_inlineVideo_mraid1_mraid2_mraid3_th_autoplay_mediation_av_s","Mozilla/5.0 (iPhone; CPU iPhone OS 12_3_1 like Mac OS X) AppleWebKit/605.1.15 (KHTML_ like Gecko) Mobile/15E148","_Default_","2019-06-20","2019-06-20 12:59:56.000"
"1561035596208","126.74.118.252","135306","9NpYGb","65d07bae4690f5","20","190613_AW_3x4_003_Generic_001_CTA_AAW_Performance Marketing_Generic1_300-250_rev0_still_JP-JA_21JUNE_LM","1561035593.9219","126.74.118.252","60","","ap_cookieData_type=inv&ap_cookieData_id=","","1561035592277765","https://googleads.g.doubleclick.net/dbm/clk?sa=L&ai=CdCl1SIMLXYX6EIOYtOUP0pGCgALh0tqOV_6u69KiCfAuEAEg--nsIWCJ-7uE3BPIAQmpAtORj2T","https://googleads.g.doubleclick.net/mads/gma?should_silence_audio=0&app_name=3.12.0.iphone.jp.weblio.english&os_version=11.4.1&m","Mozilla/5.0 (iPhone; CPU iPhone OS 11_4_1 like Mac OS X) AppleWebKit/605.1.15 (KHTML_ like Gecko) Mobile/15G77","_Default_","2019-06-20","2019-06-20 12:59:56.000"
"1561035596208","175.184.50.90","135306","Bq46c8","65d07bae4690f5","20","190613_AW_3x4_004_Function_001_CTA_AAW_Performance Marketing_Activity Coarching_300-250_rev0_still_JP-JA_21JUNE_LM","1561035594.2183","175.184.50.90","60","","ap_cookieData_type=inv&ap_cookieData_id=","","1561035594070349","https://googleads.g.doubleclick.net/dbm/clk?sa=L&ai=CRG2kSoMLXc2lBI6DtOUPkbSvgA_nxNiOV6uOifvECfAuEAEg0Y6HIWCJ08OE8BPIAQmpAtORj2T","https://googleads.g.doubleclick.net/pagead/ads?caps=interactiveVideo_inlineVideo_mraid1_mraid2_mraid3_th_autoplay_mediation_av_s","Mozilla/5.0 (iPhone; CPU iPhone OS 12_3_1 like Mac OS X) AppleWebKit/605.1.15 (KHTML_ like Gecko) Mobile/15E148","_Default_","2019-06-20","2019-06-20 12:59:56.000"
"1561035597189","60.149.1.208","135306","cpYzDf","65d07bae4690f5","20","190613_AW_3x4_004_Function_001_CTA_AAW_Performance Marketing_Apple pay_300-250_rev0_still_JP-JA_21JUNE_LM","1561035596.9633","60.149.1.208","60","","ap_cookieData_type=inv&ap_cookieData_id=","","1561035595717038","https://googleads.g.doubleclick.net/dbm/clk?sa=L&ai=CVqhhS4MLXe7hK-mFtOUP_uqSqA6l_diOV6TRof7KCfAuEAEg0Y6HIWCJq-CE4BTIAQmpAst8jco","https://googleads.g.doubleclick.net/pagead/ads?caps=interactiveVideo_inlineVideo_mraid1_mraid2_mraid3_th_autoplay_mediation_av_s","Mozilla/5.0 (iPhone; CPU iPhone OS 12_2 like Mac OS X) AppleWebKit/605.1.15 (KHTML_ like Gecko) Mobile/15E148","_Default_","2019-06-20","2019-06-20 12:59:57.000"
"1561035597189","106.128.4.17","135306","9nUb4i","65d07bae4690f5","20","190613_AW_3x4_004_Function_001_CTA_AAW_Performance Marketing_Exercise_300-250_rev0_still_JP-JA_21JUNE_LM","1561035596.3008","106.128.4.17","60","","ap_cookieData_type=inv&ap_cookieData_id=","","1561035596222961","https://googleads.g.doubleclick.net/dbm/clk?sa=L&ai=C87HqTIMLXfHNDbaJtOUPqPylsAWm3PyNV9TIrfWVCfAuEAEg0Y6HIWCJ68WE9BPIAQmpAst8jco","https://googleads.g.doubleclick.net/pagead/ads?caps=interactiveVideo_inlineVideo_mraid1_mraid2_mraid3_th_autoplay_mediation_av_s","Mozilla/5.0 (iPhone; CPU iPhone OS 12_2 like Mac OS X) AppleWebKit/605.1.15 (KHTML_ like Gecko) Mobile/15E148","_Default_","2019-06-20","2019-06-20 12:59:57.000"
"1561035597189","125.201.63.129","135306","EVX2pe","65d07bae4690f5","20","190613_AW_3x4_003_Performance Marketing_Generic1_300-250_rev0_still_JP-JA_21JUNE_TN","1561035597.7680","125.201.63.129","60","","ap_cookieData_type=inv&ap_cookieData_id=","","1561035596850065","https://googleads.g.doubleclick.net/dbm/clk?sa=L&ai=COZMlTIMLXZHxM5DNtOUPwLuziAPh0tqOV9CyocClCfAuEAEg0Y6HIWCJo7yE3BPIAQmpAst8jco","https://googleads.g.doubleclick.net/pagead/ads?caps=interactiveVideo_inlineVideo_mraid1_mraid2_mraid3_th_autoplay_mediation_av_s","Mozilla/5.0 (iPhone; CPU iPhone OS 12_3_1 like Mac OS X) AppleWebKit/605.1.15 (KHTML_ like Gecko) Mobile/15E148","_Default_","2019-06-20","2019-06-20 12:59:57.000"
